local_authority_code,local_authority,year,meter_type,meters,total_kwh
E06000001,Hartlepool,2010,Half-Hourly,147,283019522.7
E06000002,Middlesbrough,2010,Half-Hourly,243,187768251
E06000003,Redcar and Cleveland,2010,Half-Hourly,154,648573617.1
E06000004,Stockton-on-Tees,2010,Half-Hourly,345,767247069.6
E06000005,Darlington,2010,Half-Hourly,156,199213431.8
E06000006,Halton,2010,Half-Hourly,246,416032353.2
E06000007,Warrington,2010,Half-Hourly,359,460887925.5
E06000008,Blackburn with Darwen,2010,Half-Hourly,310,338548073.7
E06000009,Blackpool,2010,Half-Hourly,261,196294836.4
E06000010,"Kingston upon Hull, City of",2010,Half-Hourly,541,517610211.5
E06000011,East Riding of Yorkshire,2010,Half-Hourly,608,760334177.9
E06000012,North East Lincolnshire,2010,Half-Hourly,303,497552949.3
E06000013,North Lincolnshire,2010,Half-Hourly,372,1030450564
E06000014,York,2010,Half-Hourly,346,318475683.2
E06000015,Derby,2010,Half-Hourly,472,563037572.2
E06000016,Leicester,2010,Half-Hourly,790,683953331.4
E06000017,Rutland,2010,Half-Hourly,64,245748828.7
E06000018,Nottingham,2010,Half-Hourly,760,542242153.4
E06000019,"Herefordshire, County of",2010,Half-Hourly,388,397032957.5
E06000020,Telford and Wrekin,2010,Half-Hourly,398,507267125.2
E06000021,Stoke-on-Trent,2010,Half-Hourly,492,412540916.1
E06000022,Bath and North East Somerset,2010,Half-Hourly,270,232039916
E06000023,"Bristol, City of",2010,Half-Hourly,793,746470421.1
E06000024,North Somerset,2010,Half-Hourly,251,251051156
E06000025,South Gloucestershire,2010,Half-Hourly,459,578464540
E06000026,Plymouth,2010,Half-Hourly,345,506101583.5
E06000027,Torbay,2010,Half-Hourly,180,116404445
E06000030,Swindon,2010,Half-Hourly,432,633295661.2
E06000031,Peterborough,2010,Half-Hourly,429,502168887.3
E06000032,Luton,2010,Half-Hourly,311,328567078.4
E06000033,Southend-on-Sea,2010,Half-Hourly,223,185276942.6
E06000034,Thurrock,2010,Half-Hourly,314,606659439.7
E06000035,Medway,2010,Half-Hourly,314,308594343.9
E06000036,Bracknell Forest,2010,Half-Hourly,223,282222333.8
E06000037,West Berkshire,2010,Half-Hourly,366,429857918
E06000038,Reading,2010,Half-Hourly,377,376860136.3
E06000039,Slough,2010,Half-Hourly,347,582845539
E06000040,Windsor and Maidenhead,2010,Half-Hourly,340,301280107.1
E06000041,Wokingham,2010,Half-Hourly,220,294191450.1
E06000042,Milton Keynes,2010,Half-Hourly,806,824142979.1
E06000043,Brighton and Hove,2010,Half-Hourly,352,335304068.5
E06000044,Portsmouth,2010,Half-Hourly,342,520854426.8
E06000045,Southampton,2010,Half-Hourly,354,416518960.9
E06000046,Isle of Wight,2010,Half-Hourly,226,161616223.4
E06000047,County Durham,2010,Half-Hourly,820,877069232.4
E06000049,Cheshire East,2010,Half-Hourly,580,762272509.8
E06000050,Cheshire West and Chester,2010,Half-Hourly,525,1428783487
E06000051,Shropshire,2010,Half-Hourly,557,625900151.4
E06000052,Cornwall,2010,Half-Hourly,907,797675560.1
E06000054,Wiltshire,2010,Half-Hourly,777,807942305.6
E06000055,Bedford,2010,Half-Hourly,274,281976093.9
E06000056,Central Bedfordshire,2010,Half-Hourly,396,385529197.1
E06000057,Northumberland,2010,Half-Hourly,445,743864713.3
E06000058,"Bournemouth, Christchurch and Poole",2010,Half-Hourly,637,636576606.2
E06000059,Dorset,2010,Half-Hourly,576,521913933.3
E07000004,Aylesbury Vale,2010,Half-Hourly,282,179528816.8
E07000005,Chiltern,2010,Half-Hourly,102,86760078.9
E07000006,South Bucks,2010,Half-Hourly,144,145397193.1
E07000007,Wycombe,2010,Half-Hourly,306,246832105.6
E07000008,Cambridge,2010,Half-Hourly,378,383612015.2
E07000009,East Cambridgeshire,2010,Half-Hourly,143,115699005.1
E07000010,Fenland,2010,Half-Hourly,191,224522697
E07000011,Huntingdonshire,2010,Half-Hourly,335,382613209.7
E07000012,South Cambridgeshire,2010,Half-Hourly,349,374145347.7
E07000026,Allerdale,2010,Half-Hourly,193,366817781.9
E07000027,Barrow-in-Furness,2010,Half-Hourly,105,338125600.4
E07000028,Carlisle,2010,Half-Hourly,226,255359329.8
E07000029,Copeland,2010,Half-Hourly,100,52727353.7
E07000030,Eden,2010,Half-Hourly,135,156423473.5
E07000031,South Lakeland,2010,Half-Hourly,227,187109419
E07000032,Amber Valley,2010,Half-Hourly,255,288313744.2
E07000033,Bolsover,2010,Half-Hourly,139,147804550
E07000034,Chesterfield,2010,Half-Hourly,218,155869519.5
E07000035,Derbyshire Dales,2010,Half-Hourly,146,163116999.4
E07000036,Erewash,2010,Half-Hourly,171,158821623.6
E07000037,High Peak,2010,Half-Hourly,176,517736440.5
E07000038,North East Derbyshire,2010,Half-Hourly,144,179209731.2
E07000039,South Derbyshire,2010,Half-Hourly,148,263165663.1
E07000040,East Devon,2010,Half-Hourly,181,112345860.1
E07000041,Exeter,2010,Half-Hourly,247,272522052.1
E07000042,Mid Devon,2010,Half-Hourly,125,120108420.4
E07000043,North Devon,2010,Half-Hourly,179,166543790.2
E07000044,South Hams,2010,Half-Hourly,189,171704542.3
E07000045,Teignbridge,2010,Half-Hourly,196,141634900.9
E07000046,Torridge,2010,Half-Hourly,99,60689876.9
E07000047,West Devon,2010,Half-Hourly,87,69361651.9
E07000061,Eastbourne,2010,Half-Hourly,135,120151625.1
E07000062,Hastings,2010,Half-Hourly,125,101464193.5
E07000063,Lewes,2010,Half-Hourly,133,79456425.2
E07000064,Rother,2010,Half-Hourly,101,83643846.1
E07000065,Wealden,2010,Half-Hourly,166,88509334
E07000066,Basildon,2010,Half-Hourly,288,336471207.2
E07000067,Braintree,2010,Half-Hourly,222,169239807.3
E07000068,Brentwood,2010,Half-Hourly,111,94771892.6
E07000069,Castle Point,2010,Half-Hourly,77,41735363.9
E07000070,Chelmsford,2010,Half-Hourly,282,265011388.3
E07000071,Colchester,2010,Half-Hourly,278,243162059.8
E07000072,Epping Forest,2010,Half-Hourly,155,120204364.1
E07000073,Harlow,2010,Half-Hourly,182,241984850.9
E07000074,Maldon,2010,Half-Hourly,78,106183173.4
E07000075,Rochford,2010,Half-Hourly,81,86273865.3
E07000076,Tendring,2010,Half-Hourly,193,135945811.1
E07000077,Uttlesford,2010,Half-Hourly,94,159499357
E07000078,Cheltenham,2010,Half-Hourly,200,257641183.2
E07000079,Cotswold,2010,Half-Hourly,178,89901225.6
E07000080,Forest of Dean,2010,Half-Hourly,133,193520498.4
E07000081,Gloucester,2010,Half-Hourly,273,291847849.2
E07000082,Stroud,2010,Half-Hourly,202,235517080.5
E07000083,Tewkesbury,2010,Half-Hourly,195,276194397.1
E07000084,Basingstoke and Deane,2010,Half-Hourly,351,426536175.2
E07000085,East Hampshire,2010,Half-Hourly,183,138116889.1
E07000086,Eastleigh,2010,Half-Hourly,218,235762440.8
E07000087,Fareham,2010,Half-Hourly,154,163068825.3
E07000088,Gosport,2010,Half-Hourly,90,100955513.6
E07000089,Hart,2010,Half-Hourly,155,123740472.5
E07000090,Havant,2010,Half-Hourly,145,142941775.5
E07000091,New Forest,2010,Half-Hourly,255,289062133.6
E07000092,Rushmoor,2010,Half-Hourly,187,216660136.9
E07000093,Test Valley,2010,Half-Hourly,251,193025386.6
E07000094,Winchester,2010,Half-Hourly,225,310502977.5
E07000095,Broxbourne,2010,Half-Hourly,147,181670189.3
E07000096,Dacorum,2010,Half-Hourly,256,209968731.8
E07000098,Hertsmere,2010,Half-Hourly,202,209968232.7
E07000099,North Hertfordshire,2010,Half-Hourly,180,151324220.5
E07000102,Three Rivers,2010,Half-Hourly,111,110113861.8
E07000103,Watford,2010,Half-Hourly,226,255658746.6
E07000105,Ashford,2010,Half-Hourly,188,165488100.4
E07000106,Canterbury,2010,Half-Hourly,225,199311545.5
E07000107,Dartford,2010,Half-Hourly,244,205821370.8
E07000108,Dover,2010,Half-Hourly,141,142558510.1
E07000109,Gravesham,2010,Half-Hourly,105,249060222.2
E07000110,Maidstone,2010,Half-Hourly,262,279788484.1
E07000111,Sevenoaks,2010,Half-Hourly,161,132018724.4
E07000112,Folkestone and Hythe,2010,Half-Hourly,151,184262985.1
E07000113,Swale,2010,Half-Hourly,230,683644783.8
E07000114,Thanet,2010,Half-Hourly,193,222045700.7
E07000115,Tonbridge and Malling,2010,Half-Hourly,211,219708291.8
E07000116,Tunbridge Wells,2010,Half-Hourly,200,182125937.3
E07000117,Burnley,2010,Half-Hourly,165,137690696
E07000118,Chorley,2010,Half-Hourly,128,117241536.5
E07000119,Fylde,2010,Half-Hourly,114,168331136.4
E07000120,Hyndburn,2010,Half-Hourly,143,110226375.9
E07000121,Lancaster,2010,Half-Hourly,228,211748300.8
E07000122,Pendle,2010,Half-Hourly,150,178544976.6
E07000123,Preston,2010,Half-Hourly,310,299058739.3
E07000124,Ribble Valley,2010,Half-Hourly,93,255846217.6
E07000125,Rossendale,2010,Half-Hourly,109,105210906.1
E07000126,South Ribble,2010,Half-Hourly,198,186313268.2
E07000127,West Lancashire,2010,Half-Hourly,210,224466748.8
E07000128,Wyre,2010,Half-Hourly,152,206804506.7
E07000129,Blaby,2010,Half-Hourly,210,174308934.2
E07000130,Charnwood,2010,Half-Hourly,291,347954257.6
E07000131,Harborough,2010,Half-Hourly,175,136995899.2
E07000132,Hinckley and Bosworth,2010,Half-Hourly,159,171684128.3
E07000133,Melton,2010,Half-Hourly,86,118075579.3
E07000134,North West Leicestershire,2010,Half-Hourly,245,308298442.4
E07000135,Oadby and Wigston,2010,Half-Hourly,94,70414376.8
E07000136,Boston,2010,Half-Hourly,163,151190095.8
E07000137,East Lindsey,2010,Half-Hourly,295,225433926.8
E07000138,Lincoln,2010,Half-Hourly,180,169922385.9
E07000139,North Kesteven,2010,Half-Hourly,170,181356569.4
E07000140,South Holland,2010,Half-Hourly,196,211399994
E07000141,South Kesteven,2010,Half-Hourly,234,293528765.9
E07000142,West Lindsey,2010,Half-Hourly,171,128859620.5
E07000143,Breckland,2010,Half-Hourly,294,216040933.1
E07000144,Broadland,2010,Half-Hourly,177,166383642.3
E07000145,Great Yarmouth,2010,Half-Hourly,214,115113233.8
E07000146,King's Lynn and West Norfolk,2010,Half-Hourly,318,630249949.5
E07000147,North Norfolk,2010,Half-Hourly,199,168200242.2
E07000148,Norwich,2010,Half-Hourly,314,271769010.8
E07000149,South Norfolk,2010,Half-Hourly,179,182772669.4
E07000150,Corby,2010,Half-Hourly,252,314135010.5
E07000151,Daventry,2010,Half-Hourly,206,194816525.6
E07000152,East Northamptonshire,2010,Half-Hourly,128,115388592.7
E07000153,Kettering,2010,Half-Hourly,170,168503750.7
E07000154,Northampton,2010,Half-Hourly,496,437877684.8
E07000155,South Northamptonshire,2010,Half-Hourly,144,138391968.3
E07000156,Wellingborough,2010,Half-Hourly,187,167060350.4
E07000163,Craven,2010,Half-Hourly,103,73795464.3
E07000164,Hambleton,2010,Half-Hourly,132,171972656
E07000165,Harrogate,2010,Half-Hourly,277,345471990.4
E07000166,Richmondshire,2010,Half-Hourly,82,71173148.1
E07000167,Ryedale,2010,Half-Hourly,76,116089988.9
E07000168,Scarborough,2010,Half-Hourly,178,186495665.5
E07000169,Selby,2010,Half-Hourly,171,307596641.7
E07000170,Ashfield,2010,Half-Hourly,251,288531655.6
E07000171,Bassetlaw,2010,Half-Hourly,241,243022075.6
E07000172,Broxtowe,2010,Half-Hourly,149,111124387.9
E07000173,Gedling,2010,Half-Hourly,142,98844798.9
E07000174,Mansfield,2010,Half-Hourly,194,174754510.4
E07000175,Newark and Sherwood,2010,Half-Hourly,237,314575521.3
E07000176,Rushcliffe,2010,Half-Hourly,127,173348846.7
E07000177,Cherwell,2010,Half-Hourly,291,324619825.8
E07000178,Oxford,2010,Half-Hourly,345,507074099
E07000179,South Oxfordshire,2010,Half-Hourly,219,353438715.2
E07000180,Vale of White Horse,2010,Half-Hourly,308,370772795.8
E07000181,West Oxfordshire,2010,Half-Hourly,156,164100824.9
E07000187,Mendip,2010,Half-Hourly,191,210282578.6
E07000188,Sedgemoor,2010,Half-Hourly,191,266007424.4
E07000189,South Somerset,2010,Half-Hourly,240,281754899.7
E07000192,Cannock Chase,2010,Half-Hourly,157,119649062.3
E07000193,East Staffordshire,2010,Half-Hourly,269,371315442.8
E07000194,Lichfield,2010,Half-Hourly,207,165749862.1
E07000195,Newcastle-under-Lyme,2010,Half-Hourly,176,187158218
E07000196,South Staffordshire,2010,Half-Hourly,154,147016444.6
E07000197,Stafford,2010,Half-Hourly,254,234104836.2
E07000198,Staffordshire Moorlands,2010,Half-Hourly,147,268574102.9
E07000199,Tamworth,2010,Half-Hourly,175,140949018.5
E07000200,Babergh,2010,Half-Hourly,143,147912515.3
E07000202,Ipswich,2010,Half-Hourly,252,198570453.1
E07000203,Mid Suffolk,2010,Half-Hourly,142,182124874.9
E07000207,Elmbridge,2010,Half-Hourly,194,174339880.1
E07000208,Epsom and Ewell,2010,Half-Hourly,83,58003047.1
E07000209,Guildford,2010,Half-Hourly,258,239480118.6
E07000210,Mole Valley,2010,Half-Hourly,144,175364439.2
E07000211,Reigate and Banstead,2010,Half-Hourly,173,243673458.9
E07000212,Runnymede,2010,Half-Hourly,186,208095154.7
E07000213,Spelthorne,2010,Half-Hourly,179,154385073.9
E07000214,Surrey Heath,2010,Half-Hourly,170,197777198.8
E07000215,Tandridge,2010,Half-Hourly,94,62033367.8
E07000216,Waverley,2010,Half-Hourly,144,83950559.9
E07000217,Woking,2010,Half-Hourly,172,253566793.2
E07000218,North Warwickshire,2010,Half-Hourly,212,394997330.5
E07000219,Nuneaton and Bedworth,2010,Half-Hourly,209,156760372.4
E07000220,Rugby,2010,Half-Hourly,203,416361975
E07000221,Stratford-on-Avon,2010,Half-Hourly,271,222602676.9
E07000222,Warwick,2010,Half-Hourly,312,290328034.3
E07000223,Adur,2010,Half-Hourly,77,63242379.6
E07000224,Arun,2010,Half-Hourly,174,130870548.3
E07000225,Chichester,2010,Half-Hourly,233,184888902.3
E07000226,Crawley,2010,Half-Hourly,251,407172141.5
E07000227,Horsham,2010,Half-Hourly,199,163513007.7
E07000228,Mid Sussex,2010,Half-Hourly,199,149018104.4
E07000229,Worthing,2010,Half-Hourly,132,126825661
E07000234,Bromsgrove,2010,Half-Hourly,126,82418209.8
E07000235,Malvern Hills,2010,Half-Hourly,129,84749865.7
E07000236,Redditch,2010,Half-Hourly,210,176986620.6
E07000237,Worcester,2010,Half-Hourly,188,192523986
E07000238,Wychavon,2010,Half-Hourly,276,298705376.8
E07000239,Wyre Forest,2010,Half-Hourly,201,136411922.7
E07000240,St Albans,2010,Half-Hourly,216,148872778.2
E07000241,Welwyn Hatfield,2010,Half-Hourly,257,336383224.9
E07000242,East Hertfordshire,2010,Half-Hourly,211,185020340
E07000243,Stevenage,2010,Half-Hourly,175,246950626.3
E07000244,East Suffolk,2010,Half-Hourly,380,467268617.6
E07000245,West Suffolk,2010,Half-Hourly,377,432374464.4
E07000246,Somerset West and Taunton,2010,Half-Hourly,207,254157354.5
E08000001,Bolton,2010,Half-Hourly,450,367558649.5
E08000002,Bury,2010,Half-Hourly,268,246634553.9
E08000003,Manchester,2010,Half-Hourly,1226,1412709184
E08000004,Oldham,2010,Half-Hourly,350,311684569.6
E08000005,Rochdale,2010,Half-Hourly,368,362298831.1
E08000006,Salford,2010,Half-Hourly,475,452883280.1
E08000007,Stockport,2010,Half-Hourly,423,410076101.3
E08000008,Tameside,2010,Half-Hourly,352,340321109.2
E08000009,Trafford,2010,Half-Hourly,519,795697489.8
E08000010,Wigan,2010,Half-Hourly,441,482541195.8
E08000011,Knowsley,2010,Half-Hourly,198,489141251.5
E08000012,Liverpool,2010,Half-Hourly,720,898441886.5
E08000013,St. Helens,2010,Half-Hourly,250,390974962.8
E08000014,Sefton,2010,Half-Hourly,265,352807883
E08000015,Wirral,2010,Half-Hourly,295,409770507.1
E08000016,Barnsley,2010,Half-Hourly,370,342562880.6
E08000017,Doncaster,2010,Half-Hourly,508,606591605.8
E08000018,Rotherham,2010,Half-Hourly,476,514227519.2
E08000019,Sheffield,2010,Half-Hourly,1135,1200649187
E08000021,Newcastle upon Tyne,2010,Half-Hourly,582,609192327.9
E08000022,North Tyneside,2010,Half-Hourly,311,355244078.9
E08000023,South Tyneside,2010,Half-Hourly,180,141540205.5
E08000024,Sunderland,2010,Half-Hourly,459,643121918.3
E08000025,Birmingham,2010,Half-Hourly,2096,1827412158
E08000026,Coventry,2010,Half-Hourly,593,608713240.8
E08000027,Dudley,2010,Half-Hourly,542,401799621.3
E08000028,Sandwell,2010,Half-Hourly,702,648167575.6
E08000029,Solihull,2010,Half-Hourly,384,465729072
E08000030,Walsall,2010,Half-Hourly,487,404411872
E08000031,Wolverhampton,2010,Half-Hourly,478,447586192.5
E08000032,Bradford,2010,Half-Hourly,852,766274868.5
E08000033,Calderdale,2010,Half-Hourly,401,353222391.5
E08000034,Kirklees,2010,Half-Hourly,754,636193487.1
E08000035,Leeds,2010,Half-Hourly,1571,1629838480
E08000036,Wakefield,2010,Half-Hourly,629,831605786.2
E08000037,Gateshead,2010,Half-Hourly,427,421150317.8
E09000001,City of London,2010,Half-Hourly,1621,2427421809
E09000002,Barking and Dagenham,2010,Half-Hourly,250,350776776.7
E09000003,Barnet,2010,Half-Hourly,352,306642726
E09000004,Bexley,2010,Half-Hourly,291,259047706.9
E09000005,Brent,2010,Half-Hourly,396,364626888.4
E09000006,Bromley,2010,Half-Hourly,338,256273341.8
E09000007,Camden,2010,Half-Hourly,1097,995324165.7
E09000008,Croydon,2010,Half-Hourly,444,490772018.5
E09000009,Ealing,2010,Half-Hourly,501,656721254.7
E09000010,Enfield,2010,Half-Hourly,349,330852666.8
E09000011,Greenwich,2010,Half-Hourly,397,249964873.2
E09000012,Hackney,2010,Half-Hourly,321,209066093.8
E09000013,Hammersmith and Fulham,2010,Half-Hourly,441,546377130.1
E09000014,Haringey,2010,Half-Hourly,229,239079248.2
E09000015,Harrow,2010,Half-Hourly,185,121876105.2
E09000016,Havering,2010,Half-Hourly,270,311308041.7
E09000017,Hillingdon,2010,Half-Hourly,564,950890339.1
E09000018,Hounslow,2010,Half-Hourly,504,786251917.7
E09000019,Islington,2010,Half-Hourly,661,726127426.8
E09000020,Kensington and Chelsea,2010,Half-Hourly,489,961463400.1
E09000021,Kingston upon Thames,2010,Half-Hourly,252,191516573.1
E09000022,Lambeth,2010,Half-Hourly,448,466599991.6
E09000023,Lewisham,2010,Half-Hourly,227,176190335.9
E09000024,Merton,2010,Half-Hourly,314,346454467.2
E09000025,Newham,2010,Half-Hourly,531,742364247.2
E09000026,Redbridge,2010,Half-Hourly,257,131142889
E09000027,Richmond upon Thames,2010,Half-Hourly,206,224797963.3
E09000028,Southwark,2010,Half-Hourly,732,920011586.2
E09000029,Sutton,2010,Half-Hourly,208,272021012.7
E09000030,Tower Hamlets,2010,Half-Hourly,1841,2166323136
E09000031,Waltham Forest,2010,Half-Hourly,254,206335501.4
E09000032,Wandsworth,2010,Half-Hourly,412,254756331
E09000033,Westminster,2010,Half-Hourly,2955,2473699611
S12000005,Clackmannanshire,2010,Half-Hourly,56,91342792.9
S12000006,Dumfries and Galloway,2010,Half-Hourly,259,332318178
S12000008,East Ayrshire,2010,Half-Hourly,123,152584723.5
S12000010,East Lothian,2010,Half-Hourly,106,176353962.3
S12000011,East Renfrewshire,2010,Half-Hourly,44,17620524.5
S12000013,Na h-Eileanan Siar,2010,Half-Hourly,66,24925134.8
S12000014,Falkirk,2010,Half-Hourly,192,273414528.2
S12000017,Highland,2010,Half-Hourly,634,685913702.9
S12000018,Inverclyde,2010,Half-Hourly,92,121556064.6
S12000019,Midlothian,2010,Half-Hourly,129,126819856.4
S12000020,Moray,2010,Half-Hourly,205,230213875.6
S12000021,North Ayrshire,2010,Half-Hourly,152,365606695.8
S12000023,Orkney Islands,2010,Half-Hourly,69,30394519.6
S12000026,Scottish Borders,2010,Half-Hourly,186,142575322
S12000027,Shetland Islands,2010,Half-Hourly,68,53987230.8
S12000028,South Ayrshire,2010,Half-Hourly,152,169492133
S12000029,South Lanarkshire,2010,Half-Hourly,429,359164966.9
S12000030,Stirling,2010,Half-Hourly,153,173445142.4
S12000033,Aberdeen City,2010,Half-Hourly,680,569192154.9
S12000034,Aberdeenshire,2010,Half-Hourly,516,450079963
S12000035,Argyll and Bute,2010,Half-Hourly,235,104034160.5
S12000036,City of Edinburgh,2010,Half-Hourly,755,916517469.2
S12000038,Renfrewshire,2010,Half-Hourly,240,260356314.9
S12000039,West Dunbartonshire,2010,Half-Hourly,100,127556624.3
S12000040,West Lothian,2010,Half-Hourly,305,399167285.2
S12000041,Angus,2010,Half-Hourly,261,175641103.7
S12000042,Dundee City,2010,Half-Hourly,366,311700649.8
S12000045,East Dunbartonshire,2010,Half-Hourly,66,102264936.2
S12000047,Fife,2010,Half-Hourly,547,579371012.1
S12000048,Perth and Kinross,2010,Half-Hourly,342,230468997.1
S12000049,Glasgow City,2010,Half-Hourly,949,1100566996
S12000050,North Lanarkshire,2010,Half-Hourly,431,593752660
W06000001,Isle of Anglesey,2010,Half-Hourly,118,91005355.4
W06000002,Gwynedd,2010,Half-Hourly,278,155740835.7
W06000003,Conwy,2010,Half-Hourly,186,94732600.2
W06000004,Denbighshire,2010,Half-Hourly,167,123216889.5
W06000005,Flintshire,2010,Half-Hourly,262,620369886.5
W06000006,Wrexham,2010,Half-Hourly,244,696540756.9
W06000008,Ceredigion,2010,Half-Hourly,146,118564171.7
W06000009,Pembrokeshire,2010,Half-Hourly,204,719141367.2
W06000010,Carmarthenshire,2010,Half-Hourly,307,404497121.3
W06000011,Swansea,2010,Half-Hourly,398,428966020.7
W06000012,Neath Port Talbot,2010,Half-Hourly,197,1110671595
W06000013,Bridgend,2010,Half-Hourly,197,303486828
W06000014,Vale of Glamorgan,2010,Half-Hourly,145,259538551.2
W06000015,Cardiff,2010,Half-Hourly,685,857982281.1
W06000016,Rhondda Cynon Taf,2010,Half-Hourly,337,326125374.8
W06000018,Caerphilly,2010,Half-Hourly,263,320456039.1
W06000019,Blaenau Gwent,2010,Half-Hourly,116,133450417.6
W06000020,Torfaen,2010,Half-Hourly,160,235295992.2
W06000021,Monmouthshire,2010,Half-Hourly,142,143570572.2
W06000022,Newport,2010,Half-Hourly,290,549675781.2
W06000023,Powys,2010,Half-Hourly,279,154660168
W06000024,Merthyr Tydfil,2010,Half-Hourly,97,100987807.9
E06000001,Hartlepool,2011,Half-Hourly,146,178536469
E06000002,Middlesbrough,2011,Half-Hourly,248,174423317
E06000003,Redcar and Cleveland,2011,Half-Hourly,155,626978015
E06000004,Stockton-on-Tees,2011,Half-Hourly,337,740335567
E06000005,Darlington,2011,Half-Hourly,156,178587742
E06000006,Halton,2011,Half-Hourly,228,343057574
E06000007,Warrington,2011,Half-Hourly,338,344999440
E06000008,Blackburn with Darwen,2011,Half-Hourly,281,288778416
E06000009,Blackpool,2011,Half-Hourly,236,163198797
E06000010,"Kingston upon Hull, City of",2011,Half-Hourly,541,496065326
E06000011,East Riding of Yorkshire,2011,Half-Hourly,608,710614022
E06000012,North East Lincolnshire,2011,Half-Hourly,304,488467189
E06000013,North Lincolnshire,2011,Half-Hourly,371,860543678
E06000014,York,2011,Half-Hourly,356,291863883
E06000015,Derby,2011,Half-Hourly,463,530065700
E06000016,Leicester,2011,Half-Hourly,758,667290292
E06000017,Rutland,2011,Half-Hourly,60,241876743
E06000018,Nottingham,2011,Half-Hourly,728,511907157
E06000019,"Herefordshire, County of",2011,Half-Hourly,362,412322560
E06000020,Telford and Wrekin,2011,Half-Hourly,396,505418111
E06000021,Stoke-on-Trent,2011,Half-Hourly,499,406896182
E06000022,Bath and North East Somerset,2011,Half-Hourly,275,205590925
E06000023,"Bristol, City of",2011,Half-Hourly,792,726060105
E06000024,North Somerset,2011,Half-Hourly,258,244394690
E06000025,South Gloucestershire,2011,Half-Hourly,446,548012287
E06000026,Plymouth,2011,Half-Hourly,341,495647561
E06000027,Torbay,2011,Half-Hourly,179,111545471
E06000030,Swindon,2011,Half-Hourly,424,576324282
E06000031,Peterborough,2011,Half-Hourly,403,481272837
E06000032,Luton,2011,Half-Hourly,297,308766564
E06000033,Southend-on-Sea,2011,Half-Hourly,206,166568976
E06000034,Thurrock,2011,Half-Hourly,286,417319529
E06000035,Medway,2011,Half-Hourly,304,274671399
E06000036,Bracknell Forest,2011,Half-Hourly,212,257733220
E06000037,West Berkshire,2011,Half-Hourly,359,314323070
E06000038,Reading,2011,Half-Hourly,370,362273846
E06000039,Slough,2011,Half-Hourly,356,631057377
E06000040,Windsor and Maidenhead,2011,Half-Hourly,333,296153368
E06000041,Wokingham,2011,Half-Hourly,216,287232715
E06000042,Milton Keynes,2011,Half-Hourly,769,741377290
E06000043,Brighton and Hove,2011,Half-Hourly,361,317971111
E06000044,Portsmouth,2011,Half-Hourly,336,501652202
E06000045,Southampton,2011,Half-Hourly,354,400214751
E06000046,Isle of Wight,2011,Half-Hourly,217,140313572
E06000047,County Durham,2011,Half-Hourly,822,849908359
E06000049,Cheshire East,2011,Half-Hourly,532,699163558
E06000050,Cheshire West and Chester,2011,Half-Hourly,496,1150672712
E06000051,Shropshire,2011,Half-Hourly,506,598131623
E06000052,Cornwall,2011,Half-Hourly,917,762169798
E06000053,Isles of Scilly,2011,Half-Hourly,7,2072386
E06000054,Wiltshire,2011,Half-Hourly,732,753476075
E06000055,Bedford,2011,Half-Hourly,253,244554552
E06000056,Central Bedfordshire,2011,Half-Hourly,368,351754045
E06000057,Northumberland,2011,Half-Hourly,433,660498816
E06000058,"Bournemouth, Christchurch and Poole",2011,Half-Hourly,621,615767224
E06000059,Dorset,2011,Half-Hourly,547,488125218
E07000004,Aylesbury Vale,2011,Half-Hourly,268,169464427
E07000005,Chiltern,2011,Half-Hourly,100,81017585
E07000006,South Bucks,2011,Half-Hourly,146,134435463
E07000007,Wycombe,2011,Half-Hourly,299,235029211
E07000008,Cambridge,2011,Half-Hourly,386,388142458
E07000009,East Cambridgeshire,2011,Half-Hourly,133,133396159
E07000010,Fenland,2011,Half-Hourly,177,210615369
E07000011,Huntingdonshire,2011,Half-Hourly,310,385804970
E07000012,South Cambridgeshire,2011,Half-Hourly,297,290265349
E07000026,Allerdale,2011,Half-Hourly,150,287492833
E07000027,Barrow-in-Furness,2011,Half-Hourly,88,191404030
E07000028,Carlisle,2011,Half-Hourly,189,273101002
E07000029,Copeland,2011,Half-Hourly,68,34574691
E07000030,Eden,2011,Half-Hourly,97,134895350
E07000031,South Lakeland,2011,Half-Hourly,166,113887969
E07000032,Amber Valley,2011,Half-Hourly,241,275045844
E07000033,Bolsover,2011,Half-Hourly,139,147960844
E07000034,Chesterfield,2011,Half-Hourly,213,128370195
E07000035,Derbyshire Dales,2011,Half-Hourly,138,161848819
E07000036,Erewash,2011,Half-Hourly,159,141739294
E07000037,High Peak,2011,Half-Hourly,149,514737275
E07000038,North East Derbyshire,2011,Half-Hourly,143,179853199
E07000039,South Derbyshire,2011,Half-Hourly,144,255242380
E07000040,East Devon,2011,Half-Hourly,178,108053048
E07000041,Exeter,2011,Half-Hourly,244,255836663
E07000042,Mid Devon,2011,Half-Hourly,125,117739013
E07000043,North Devon,2011,Half-Hourly,173,162247388
E07000044,South Hams,2011,Half-Hourly,183,164786879
E07000045,Teignbridge,2011,Half-Hourly,202,136922594
E07000046,Torridge,2011,Half-Hourly,103,62459270
E07000047,West Devon,2011,Half-Hourly,83,59607832
E07000061,Eastbourne,2011,Half-Hourly,130,120770483
E07000062,Hastings,2011,Half-Hourly,126,97292037
E07000063,Lewes,2011,Half-Hourly,134,78828737
E07000064,Rother,2011,Half-Hourly,101,78390461
E07000065,Wealden,2011,Half-Hourly,168,88348669
E07000066,Basildon,2011,Half-Hourly,265,301505167
E07000067,Braintree,2011,Half-Hourly,197,151051628
E07000068,Brentwood,2011,Half-Hourly,102,88088160
E07000069,Castle Point,2011,Half-Hourly,73,43075848
E07000070,Chelmsford,2011,Half-Hourly,267,279757882
E07000071,Colchester,2011,Half-Hourly,258,233021845
E07000072,Epping Forest,2011,Half-Hourly,143,98869208
E07000073,Harlow,2011,Half-Hourly,175,199549906
E07000074,Maldon,2011,Half-Hourly,73,94919134
E07000075,Rochford,2011,Half-Hourly,72,76497858
E07000076,Tendring,2011,Half-Hourly,168,119896492
E07000077,Uttlesford,2011,Half-Hourly,94,151766082
E07000078,Cheltenham,2011,Half-Hourly,200,253907428
E07000079,Cotswold,2011,Half-Hourly,158,90300772
E07000080,Forest of Dean,2011,Half-Hourly,119,188565630
E07000081,Gloucester,2011,Half-Hourly,274,291435547
E07000082,Stroud,2011,Half-Hourly,191,236595892
E07000083,Tewkesbury,2011,Half-Hourly,185,257157945
E07000084,Basingstoke and Deane,2011,Half-Hourly,344,456443768
E07000085,East Hampshire,2011,Half-Hourly,170,133178742
E07000086,Eastleigh,2011,Half-Hourly,215,231125053
E07000087,Fareham,2011,Half-Hourly,148,158495880
E07000088,Gosport,2011,Half-Hourly,87,96637473
E07000089,Hart,2011,Half-Hourly,150,111869752
E07000090,Havant,2011,Half-Hourly,142,136711439
E07000091,New Forest,2011,Half-Hourly,251,291661852
E07000092,Rushmoor,2011,Half-Hourly,186,179826323
E07000093,Test Valley,2011,Half-Hourly,238,195257513
E07000094,Winchester,2011,Half-Hourly,212,298240563
E07000095,Broxbourne,2011,Half-Hourly,137,182344605
E07000096,Dacorum,2011,Half-Hourly,228,184321340
E07000098,Hertsmere,2011,Half-Hourly,183,200730056
E07000099,North Hertfordshire,2011,Half-Hourly,174,138770761
E07000102,Three Rivers,2011,Half-Hourly,104,89140548
E07000103,Watford,2011,Half-Hourly,214,221976104
E07000105,Ashford,2011,Half-Hourly,189,147814940
E07000106,Canterbury,2011,Half-Hourly,226,195100574
E07000107,Dartford,2011,Half-Hourly,250,200395590
E07000108,Dover,2011,Half-Hourly,136,149849384
E07000109,Gravesham,2011,Half-Hourly,104,155598293
E07000110,Maidstone,2011,Half-Hourly,265,275472604
E07000111,Sevenoaks,2011,Half-Hourly,163,130259267
E07000112,Folkestone and Hythe,2011,Half-Hourly,156,175630491
E07000113,Swale,2011,Half-Hourly,222,620988553
E07000114,Thanet,2011,Half-Hourly,196,159800022
E07000115,Tonbridge and Malling,2011,Half-Hourly,219,221733091
E07000116,Tunbridge Wells,2011,Half-Hourly,202,185472088
E07000117,Burnley,2011,Half-Hourly,144,116995721
E07000118,Chorley,2011,Half-Hourly,113,98846662
E07000119,Fylde,2011,Half-Hourly,97,153016355
E07000120,Hyndburn,2011,Half-Hourly,122,96262529
E07000121,Lancaster,2011,Half-Hourly,196,184549833
E07000122,Pendle,2011,Half-Hourly,133,148352476
E07000123,Preston,2011,Half-Hourly,285,261777070
E07000124,Ribble Valley,2011,Half-Hourly,74,251986401
E07000125,Rossendale,2011,Half-Hourly,86,167163999
E07000126,South Ribble,2011,Half-Hourly,165,159346182
E07000127,West Lancashire,2011,Half-Hourly,164,173701849
E07000128,Wyre,2011,Half-Hourly,112,144753727
E07000129,Blaby,2011,Half-Hourly,207,161120913
E07000130,Charnwood,2011,Half-Hourly,278,288619550
E07000131,Harborough,2011,Half-Hourly,166,120005284
E07000132,Hinckley and Bosworth,2011,Half-Hourly,154,151260030
E07000133,Melton,2011,Half-Hourly,86,93990875
E07000134,North West Leicestershire,2011,Half-Hourly,235,303287578
E07000135,Oadby and Wigston,2011,Half-Hourly,94,68034949
E07000136,Boston,2011,Half-Hourly,153,138761178
E07000137,East Lindsey,2011,Half-Hourly,291,219051832
E07000138,Lincoln,2011,Half-Hourly,184,165384592
E07000139,North Kesteven,2011,Half-Hourly,163,174404948
E07000140,South Holland,2011,Half-Hourly,183,190583739
E07000141,South Kesteven,2011,Half-Hourly,233,291289450
E07000142,West Lindsey,2011,Half-Hourly,176,129748860
E07000143,Breckland,2011,Half-Hourly,252,183391509
E07000144,Broadland,2011,Half-Hourly,169,156055214
E07000145,Great Yarmouth,2011,Half-Hourly,197,105650656
E07000146,King's Lynn and West Norfolk,2011,Half-Hourly,284,600459952
E07000147,North Norfolk,2011,Half-Hourly,173,132479951
E07000148,Norwich,2011,Half-Hourly,301,246348604
E07000149,South Norfolk,2011,Half-Hourly,166,179775647
E07000150,Corby,2011,Half-Hourly,243,286797608
E07000151,Daventry,2011,Half-Hourly,193,186413308
E07000152,East Northamptonshire,2011,Half-Hourly,125,114182025
E07000153,Kettering,2011,Half-Hourly,168,176348461
E07000154,Northampton,2011,Half-Hourly,472,420885277
E07000155,South Northamptonshire,2011,Half-Hourly,130,124724070
E07000156,Wellingborough,2011,Half-Hourly,181,148280823
E07000163,Craven,2011,Half-Hourly,96,72312527
E07000164,Hambleton,2011,Half-Hourly,139,172990672
E07000165,Harrogate,2011,Half-Hourly,283,357227161
E07000166,Richmondshire,2011,Half-Hourly,83,71572271
E07000167,Ryedale,2011,Half-Hourly,75,117063663
E07000168,Scarborough,2011,Half-Hourly,178,194183628
E07000169,Selby,2011,Half-Hourly,164,316963392
E07000170,Ashfield,2011,Half-Hourly,239,262528588
E07000171,Bassetlaw,2011,Half-Hourly,237,240184502
E07000172,Broxtowe,2011,Half-Hourly,141,101490016
E07000173,Gedling,2011,Half-Hourly,136,90824168
E07000174,Mansfield,2011,Half-Hourly,181,135043086
E07000175,Newark and Sherwood,2011,Half-Hourly,233,277501631
E07000176,Rushcliffe,2011,Half-Hourly,128,151632179
E07000177,Cherwell,2011,Half-Hourly,281,323882562
E07000178,Oxford,2011,Half-Hourly,354,497009400
E07000179,South Oxfordshire,2011,Half-Hourly,212,331651879
E07000180,Vale of White Horse,2011,Half-Hourly,293,275295520
E07000181,West Oxfordshire,2011,Half-Hourly,147,163562868
E07000187,Mendip,2011,Half-Hourly,193,203630331
E07000188,Sedgemoor,2011,Half-Hourly,208,263133386
E07000189,South Somerset,2011,Half-Hourly,241,273079075
E07000192,Cannock Chase,2011,Half-Hourly,159,120141193
E07000193,East Staffordshire,2011,Half-Hourly,259,380264984
E07000194,Lichfield,2011,Half-Hourly,195,161671323
E07000195,Newcastle-under-Lyme,2011,Half-Hourly,167,175666633
E07000196,South Staffordshire,2011,Half-Hourly,144,147788744
E07000197,Stafford,2011,Half-Hourly,240,215134876
E07000198,Staffordshire Moorlands,2011,Half-Hourly,128,266207234
E07000199,Tamworth,2011,Half-Hourly,168,136552329
E07000200,Babergh,2011,Half-Hourly,126,136674315
E07000202,Ipswich,2011,Half-Hourly,243,189226202
E07000203,Mid Suffolk,2011,Half-Hourly,133,182257377
E07000207,Elmbridge,2011,Half-Hourly,194,164752280
E07000208,Epsom and Ewell,2011,Half-Hourly,85,56622619
E07000209,Guildford,2011,Half-Hourly,262,232070153
E07000210,Mole Valley,2011,Half-Hourly,149,176520269
E07000211,Reigate and Banstead,2011,Half-Hourly,168,240996138
E07000212,Runnymede,2011,Half-Hourly,180,183019449
E07000213,Spelthorne,2011,Half-Hourly,174,148718073
E07000214,Surrey Heath,2011,Half-Hourly,163,187340800
E07000215,Tandridge,2011,Half-Hourly,94,64134166
E07000216,Waverley,2011,Half-Hourly,147,82006726
E07000217,Woking,2011,Half-Hourly,173,269884913
E07000218,North Warwickshire,2011,Half-Hourly,198,347014314
E07000219,Nuneaton and Bedworth,2011,Half-Hourly,202,144365955
E07000220,Rugby,2011,Half-Hourly,196,387524785
E07000221,Stratford-on-Avon,2011,Half-Hourly,257,236423624
E07000222,Warwick,2011,Half-Hourly,300,273172078
E07000223,Adur,2011,Half-Hourly,78,56837038
E07000224,Arun,2011,Half-Hourly,171,116740813
E07000225,Chichester,2011,Half-Hourly,221,183757249
E07000226,Crawley,2011,Half-Hourly,254,387492462
E07000227,Horsham,2011,Half-Hourly,204,165283068
E07000228,Mid Sussex,2011,Half-Hourly,194,147998746
E07000229,Worthing,2011,Half-Hourly,128,120679690
E07000234,Bromsgrove,2011,Half-Hourly,121,77104913
E07000235,Malvern Hills,2011,Half-Hourly,112,78848807
E07000236,Redditch,2011,Half-Hourly,207,170617455
E07000237,Worcester,2011,Half-Hourly,192,198618124
E07000238,Wychavon,2011,Half-Hourly,255,267819108
E07000239,Wyre Forest,2011,Half-Hourly,198,141076834
E07000240,St Albans,2011,Half-Hourly,202,141038418
E07000241,Welwyn Hatfield,2011,Half-Hourly,241,340595333
E07000242,East Hertfordshire,2011,Half-Hourly,206,156007897
E07000243,Stevenage,2011,Half-Hourly,168,246849448
E07000244,East Suffolk,2011,Half-Hourly,353,418806658
E07000245,West Suffolk,2011,Half-Hourly,346,390362503
E07000246,Somerset West and Taunton,2011,Half-Hourly,204,250383851
E08000001,Bolton,2011,Half-Hourly,400,307232366
E08000002,Bury,2011,Half-Hourly,248,227392877
E08000003,Manchester,2011,Half-Hourly,1151,1297113187
E08000004,Oldham,2011,Half-Hourly,304,281565910
E08000005,Rochdale,2011,Half-Hourly,326,328498661
E08000006,Salford,2011,Half-Hourly,433,410079629
E08000007,Stockport,2011,Half-Hourly,387,368403228
E08000008,Tameside,2011,Half-Hourly,304,298822213
E08000009,Trafford,2011,Half-Hourly,458,542215309
E08000010,Wigan,2011,Half-Hourly,389,435208531
E08000011,Knowsley,2011,Half-Hourly,194,460317890
E08000012,Liverpool,2011,Half-Hourly,706,805299473
E08000013,St. Helens,2011,Half-Hourly,236,399004515
E08000014,Sefton,2011,Half-Hourly,261,337869150
E08000015,Wirral,2011,Half-Hourly,272,324485221
E08000016,Barnsley,2011,Half-Hourly,370,322036675
E08000017,Doncaster,2011,Half-Hourly,519,563526907
E08000018,Rotherham,2011,Half-Hourly,486,528013788
E08000019,Sheffield,2011,Half-Hourly,1141,1214640228
E08000021,Newcastle upon Tyne,2011,Half-Hourly,588,583008681
E08000022,North Tyneside,2011,Half-Hourly,313,344004921
E08000023,South Tyneside,2011,Half-Hourly,171,136009116
E08000024,Sunderland,2011,Half-Hourly,452,612646330
E08000025,Birmingham,2011,Half-Hourly,2060,1777307334
E08000026,Coventry,2011,Half-Hourly,575,527922144
E08000027,Dudley,2011,Half-Hourly,530,380422524
E08000028,Sandwell,2011,Half-Hourly,689,643140100
E08000029,Solihull,2011,Half-Hourly,378,441582319
E08000030,Walsall,2011,Half-Hourly,497,402652498
E08000031,Wolverhampton,2011,Half-Hourly,482,453974333
E08000032,Bradford,2011,Half-Hourly,859,752243748
E08000033,Calderdale,2011,Half-Hourly,403,355087200
E08000034,Kirklees,2011,Half-Hourly,761,625689687
E08000035,Leeds,2011,Half-Hourly,1555,1549030818
E08000036,Wakefield,2011,Half-Hourly,636,795034302
E08000037,Gateshead,2011,Half-Hourly,421,390203855
E09000001,City of London,2011,Half-Hourly,1517,2131351282
E09000002,Barking and Dagenham,2011,Half-Hourly,245,315941369
E09000003,Barnet,2011,Half-Hourly,336,295214593
E09000004,Bexley,2011,Half-Hourly,277,251986633
E09000005,Brent,2011,Half-Hourly,390,374840694
E09000006,Bromley,2011,Half-Hourly,339,245511153
E09000007,Camden,2011,Half-Hourly,1086,939103907
E09000008,Croydon,2011,Half-Hourly,439,463717115
E09000009,Ealing,2011,Half-Hourly,503,619125994
E09000010,Enfield,2011,Half-Hourly,329,292143338
E09000011,Greenwich,2011,Half-Hourly,388,205673259
E09000012,Hackney,2011,Half-Hourly,329,230784294
E09000013,Hammersmith and Fulham,2011,Half-Hourly,448,528844017
E09000014,Haringey,2011,Half-Hourly,224,220499922
E09000015,Harrow,2011,Half-Hourly,164,123694429
E09000016,Havering,2011,Half-Hourly,258,244304123
E09000017,Hillingdon,2011,Half-Hourly,552,862471671
E09000018,Hounslow,2011,Half-Hourly,504,778179838
E09000019,Islington,2011,Half-Hourly,645,657058580
E09000020,Kensington and Chelsea,2011,Half-Hourly,485,954633442
E09000021,Kingston upon Thames,2011,Half-Hourly,261,191863743
E09000022,Lambeth,2011,Half-Hourly,443,435128024
E09000023,Lewisham,2011,Half-Hourly,250,164852569
E09000024,Merton,2011,Half-Hourly,314,326201583
E09000025,Newham,2011,Half-Hourly,530,769599784
E09000026,Redbridge,2011,Half-Hourly,243,123527790
E09000027,Richmond upon Thames,2011,Half-Hourly,200,190704591
E09000028,Southwark,2011,Half-Hourly,716,809405612
E09000029,Sutton,2011,Half-Hourly,204,232324639
E09000030,Tower Hamlets,2011,Half-Hourly,1866,1761575652
E09000031,Waltham Forest,2011,Half-Hourly,240,187424029
E09000032,Wandsworth,2011,Half-Hourly,416,231153668
E09000033,Westminster,2011,Half-Hourly,2893,2342701747
S12000005,Clackmannanshire,2011,Half-Hourly,59,92004788
S12000006,Dumfries and Galloway,2011,Half-Hourly,262,324355938
S12000008,East Ayrshire,2011,Half-Hourly,126,156861145
S12000010,East Lothian,2011,Half-Hourly,110,148120571
S12000011,East Renfrewshire,2011,Half-Hourly,51,23873464
S12000013,Na h-Eileanan Siar,2011,Half-Hourly,67,27403133
S12000014,Falkirk,2011,Half-Hourly,197,275280742
S12000017,Highland,2011,Half-Hourly,641,655474115
S12000018,Inverclyde,2011,Half-Hourly,93,117453644
S12000019,Midlothian,2011,Half-Hourly,132,91366348
S12000020,Moray,2011,Half-Hourly,204,222807792
S12000021,North Ayrshire,2011,Half-Hourly,158,349434054
S12000023,Orkney Islands,2011,Half-Hourly,71,21984689
S12000026,Scottish Borders,2011,Half-Hourly,189,135493924
S12000027,Shetland Islands,2011,Half-Hourly,64,51153150
S12000028,South Ayrshire,2011,Half-Hourly,151,152921436
S12000029,South Lanarkshire,2011,Half-Hourly,434,338105214
S12000030,Stirling,2011,Half-Hourly,155,173732197
S12000033,Aberdeen City,2011,Half-Hourly,679,534075346
S12000034,Aberdeenshire,2011,Half-Hourly,527,351671376
S12000035,Argyll and Bute,2011,Half-Hourly,241,98860797
S12000036,City of Edinburgh,2011,Half-Hourly,740,861991781
S12000038,Renfrewshire,2011,Half-Hourly,244,250903962
S12000039,West Dunbartonshire,2011,Half-Hourly,99,123590567
S12000040,West Lothian,2011,Half-Hourly,313,407999122
S12000041,Angus,2011,Half-Hourly,268,161724806
S12000042,Dundee City,2011,Half-Hourly,357,294086379
S12000045,East Dunbartonshire,2011,Half-Hourly,64,97822550
S12000047,Fife,2011,Half-Hourly,548,573449363
S12000048,Perth and Kinross,2011,Half-Hourly,344,219769037
S12000049,Glasgow City,2011,Half-Hourly,942,1107856131
S12000050,North Lanarkshire,2011,Half-Hourly,439,559291016
W06000001,Isle of Anglesey,2011,Half-Hourly,117,93621092
W06000002,Gwynedd,2011,Half-Hourly,271,151168099
W06000003,Conwy,2011,Half-Hourly,186,96007416
W06000004,Denbighshire,2011,Half-Hourly,162,121060612
W06000005,Flintshire,2011,Half-Hourly,255,535578513
W06000006,Wrexham,2011,Half-Hourly,241,656403387
W06000008,Ceredigion,2011,Half-Hourly,148,117707674
W06000009,Pembrokeshire,2011,Half-Hourly,207,752190596
W06000010,Carmarthenshire,2011,Half-Hourly,302,382291186
W06000011,Swansea,2011,Half-Hourly,393,402153201
W06000012,Neath Port Talbot,2011,Half-Hourly,198,1094287257
W06000013,Bridgend,2011,Half-Hourly,192,338985167
W06000014,Vale of Glamorgan,2011,Half-Hourly,143,242517512
W06000015,Cardiff,2011,Half-Hourly,679,641673561
W06000016,Rhondda Cynon Taf,2011,Half-Hourly,317,292599811
W06000018,Caerphilly,2011,Half-Hourly,249,294920713
W06000019,Blaenau Gwent,2011,Half-Hourly,108,108080276
W06000020,Torfaen,2011,Half-Hourly,157,210563797
W06000021,Monmouthshire,2011,Half-Hourly,142,145427601
W06000022,Newport,2011,Half-Hourly,277,549253416
W06000023,Powys,2011,Half-Hourly,279,150060054
W06000024,Merthyr Tydfil,2011,Half-Hourly,91,96624554
E06000001,Hartlepool,2012,Half-Hourly,154,273532250.1
E06000002,Middlesbrough,2012,Half-Hourly,253,176644390.5
E06000003,Redcar and Cleveland,2012,Half-Hourly,168,654125827.8
E06000004,Stockton-on-Tees,2012,Half-Hourly,365,807107866.6
E06000005,Darlington,2012,Half-Hourly,160,178664464.1
E06000006,Halton,2012,Half-Hourly,263,427404741.6
E06000007,Warrington,2012,Half-Hourly,384,438312304.2
E06000008,Blackburn with Darwen,2012,Half-Hourly,321,317077650.6
E06000009,Blackpool,2012,Half-Hourly,270,192168969.5
E06000010,"Kingston upon Hull, City of",2012,Half-Hourly,561,476826820.8
E06000011,East Riding of Yorkshire,2012,Half-Hourly,663,711647397.8
E06000012,North East Lincolnshire,2012,Half-Hourly,314,426187613.7
E06000013,North Lincolnshire,2012,Half-Hourly,395,819749755.2
E06000014,York,2012,Half-Hourly,368,278290658.7
E06000015,Derby,2012,Half-Hourly,487,460859360.9
E06000016,Leicester,2012,Half-Hourly,810,734756065.7
E06000017,Rutland,2012,Half-Hourly,68,235066323.9
E06000018,Nottingham,2012,Half-Hourly,786,535505309.3
E06000019,"Herefordshire, County of",2012,Half-Hourly,376,388852680.7
E06000020,Telford and Wrekin,2012,Half-Hourly,414,482489112.4
E06000021,Stoke-on-Trent,2012,Half-Hourly,517,433074701.8
E06000022,Bath and North East Somerset,2012,Half-Hourly,289,207276886.9
E06000023,"Bristol, City of",2012,Half-Hourly,840,731630151.9
E06000024,North Somerset,2012,Half-Hourly,269,260977416
E06000025,South Gloucestershire,2012,Half-Hourly,470,587892231.5
E06000026,Plymouth,2012,Half-Hourly,367,502071322.3
E06000027,Torbay,2012,Half-Hourly,189,118235293.8
E06000030,Swindon,2012,Half-Hourly,443,635236647.4
E06000031,Peterborough,2012,Half-Hourly,451,489105973.7
E06000032,Luton,2012,Half-Hourly,331,323455959.3
E06000033,Southend-on-Sea,2012,Half-Hourly,233,186700330.3
E06000034,Thurrock,2012,Half-Hourly,327,588441119.3
E06000035,Medway,2012,Half-Hourly,332,299127302.1
E06000036,Bracknell Forest,2012,Half-Hourly,231,269158185.5
E06000037,West Berkshire,2012,Half-Hourly,379,426308711.7
E06000038,Reading,2012,Half-Hourly,394,366670014.3
E06000039,Slough,2012,Half-Hourly,365,688364648.4
E06000040,Windsor and Maidenhead,2012,Half-Hourly,358,313931424.1
E06000041,Wokingham,2012,Half-Hourly,236,324198714
E06000042,Milton Keynes,2012,Half-Hourly,838,825347551.8
E06000043,Brighton and Hove,2012,Half-Hourly,382,329393875.4
E06000044,Portsmouth,2012,Half-Hourly,357,522776776.8
E06000045,Southampton,2012,Half-Hourly,373,416755000.3
E06000046,Isle of Wight,2012,Half-Hourly,231,157973015.9
E06000047,County Durham,2012,Half-Hourly,878,842330289.6
E06000049,Cheshire East,2012,Half-Hourly,601,755106560.3
E06000050,Cheshire West and Chester,2012,Half-Hourly,562,1482217854
E06000051,Shropshire,2012,Half-Hourly,548,589787132.5
E06000052,Cornwall,2012,Half-Hourly,1017,816486703.4
E06000053,Isles of Scilly,2012,Half-Hourly,7,2326162.9
E06000054,Wiltshire,2012,Half-Hourly,769,750309038.1
E06000055,Bedford,2012,Half-Hourly,299,292719324.6
E06000056,Central Bedfordshire,2012,Half-Hourly,399,375129805.8
E06000057,Northumberland,2012,Half-Hourly,470,656675902.2
E06000058,"Bournemouth, Christchurch and Poole",2012,Half-Hourly,663,631223870.8
E06000059,Dorset,2012,Half-Hourly,582,522208759.5
E07000004,Aylesbury Vale,2012,Half-Hourly,302,185396476
E07000005,Chiltern,2012,Half-Hourly,108,90362350.1
E07000006,South Bucks,2012,Half-Hourly,157,149822650.2
E07000007,Wycombe,2012,Half-Hourly,315,243599485.5
E07000008,Cambridge,2012,Half-Hourly,413,411837502.9
E07000009,East Cambridgeshire,2012,Half-Hourly,148,140928708.2
E07000010,Fenland,2012,Half-Hourly,207,262674255.6
E07000011,Huntingdonshire,2012,Half-Hourly,343,400506379.9
E07000012,South Cambridgeshire,2012,Half-Hourly,361,368975490.4
E07000026,Allerdale,2012,Half-Hourly,191,340481449.4
E07000027,Barrow-in-Furness,2012,Half-Hourly,115,333380736.9
E07000028,Carlisle,2012,Half-Hourly,215,295625492.8
E07000029,Copeland,2012,Half-Hourly,92,50893595.9
E07000030,Eden,2012,Half-Hourly,129,145866015.5
E07000031,South Lakeland,2012,Half-Hourly,216,168490855.2
E07000032,Amber Valley,2012,Half-Hourly,257,291350251.8
E07000033,Bolsover,2012,Half-Hourly,149,153178539.6
E07000034,Chesterfield,2012,Half-Hourly,236,175123983.5
E07000035,Derbyshire Dales,2012,Half-Hourly,148,156934573.2
E07000036,Erewash,2012,Half-Hourly,175,154280702.1
E07000037,High Peak,2012,Half-Hourly,188,505199546.2
E07000038,North East Derbyshire,2012,Half-Hourly,146,152785684.5
E07000039,South Derbyshire,2012,Half-Hourly,162,265416602.1
E07000040,East Devon,2012,Half-Hourly,188,115133129.9
E07000041,Exeter,2012,Half-Hourly,262,292091818.6
E07000042,Mid Devon,2012,Half-Hourly,136,108686155.8
E07000043,North Devon,2012,Half-Hourly,181,169854778.1
E07000044,South Hams,2012,Half-Hourly,191,155354288.2
E07000045,Teignbridge,2012,Half-Hourly,209,142718589.2
E07000046,Torridge,2012,Half-Hourly,107,57440419.9
E07000047,West Devon,2012,Half-Hourly,88,76224632.7
E07000061,Eastbourne,2012,Half-Hourly,144,119595891.1
E07000062,Hastings,2012,Half-Hourly,129,98992387.6
E07000063,Lewes,2012,Half-Hourly,142,81719325.1
E07000064,Rother,2012,Half-Hourly,105,73400646.6
E07000065,Wealden,2012,Half-Hourly,181,89434939.2
E07000066,Basildon,2012,Half-Hourly,292,332319327.6
E07000067,Braintree,2012,Half-Hourly,223,179151445.6
E07000068,Brentwood,2012,Half-Hourly,112,87648712.7
E07000069,Castle Point,2012,Half-Hourly,84,46018682.8
E07000070,Chelmsford,2012,Half-Hourly,297,277332848.1
E07000071,Colchester,2012,Half-Hourly,289,255527717.7
E07000072,Epping Forest,2012,Half-Hourly,162,106651677.6
E07000073,Harlow,2012,Half-Hourly,188,198861715.2
E07000074,Maldon,2012,Half-Hourly,86,102093213.8
E07000075,Rochford,2012,Half-Hourly,84,87074982.5
E07000076,Tendring,2012,Half-Hourly,196,135455813.8
E07000077,Uttlesford,2012,Half-Hourly,105,150807378.9
E07000078,Cheltenham,2012,Half-Hourly,206,243434348.9
E07000079,Cotswold,2012,Half-Hourly,160,90760565.2
E07000080,Forest of Dean,2012,Half-Hourly,125,186402998.2
E07000081,Gloucester,2012,Half-Hourly,288,290944078.7
E07000082,Stroud,2012,Half-Hourly,206,234194239.7
E07000083,Tewkesbury,2012,Half-Hourly,196,274305572.7
E07000084,Basingstoke and Deane,2012,Half-Hourly,359,415504232.4
E07000085,East Hampshire,2012,Half-Hourly,182,135593900.4
E07000086,Eastleigh,2012,Half-Hourly,221,237760549.2
E07000087,Fareham,2012,Half-Hourly,157,164051621.5
E07000088,Gosport,2012,Half-Hourly,95,102789503.6
E07000089,Hart,2012,Half-Hourly,161,107871098.8
E07000090,Havant,2012,Half-Hourly,152,143676787.5
E07000091,New Forest,2012,Half-Hourly,268,272287070.8
E07000092,Rushmoor,2012,Half-Hourly,204,198580169.6
E07000093,Test Valley,2012,Half-Hourly,249,221420834.7
E07000094,Winchester,2012,Half-Hourly,225,290050149.8
E07000095,Broxbourne,2012,Half-Hourly,158,200398491.5
E07000096,Dacorum,2012,Half-Hourly,266,215930029.4
E07000098,Hertsmere,2012,Half-Hourly,204,204876334
E07000099,North Hertfordshire,2012,Half-Hourly,192,163301113.5
E07000102,Three Rivers,2012,Half-Hourly,115,118414427.4
E07000103,Watford,2012,Half-Hourly,231,263638199.6
E07000105,Ashford,2012,Half-Hourly,209,173393018.1
E07000106,Canterbury,2012,Half-Hourly,243,198564474.5
E07000107,Dartford,2012,Half-Hourly,266,202885937.3
E07000108,Dover,2012,Half-Hourly,147,164904896.7
E07000109,Gravesham,2012,Half-Hourly,111,255436738.8
E07000110,Maidstone,2012,Half-Hourly,276,264948141.1
E07000111,Sevenoaks,2012,Half-Hourly,171,130864557.7
E07000112,Folkestone and Hythe,2012,Half-Hourly,165,175478742.8
E07000113,Swale,2012,Half-Hourly,246,296751765.2
E07000114,Thanet,2012,Half-Hourly,210,169376060.4
E07000115,Tonbridge and Malling,2012,Half-Hourly,229,203568662.2
E07000116,Tunbridge Wells,2012,Half-Hourly,208,191390744.3
E07000117,Burnley,2012,Half-Hourly,165,130918359.5
E07000118,Chorley,2012,Half-Hourly,131,118069783.3
E07000119,Fylde,2012,Half-Hourly,115,162067222.3
E07000120,Hyndburn,2012,Half-Hourly,146,112735040.2
E07000121,Lancaster,2012,Half-Hourly,238,209143465.5
E07000122,Pendle,2012,Half-Hourly,158,187968272.4
E07000123,Preston,2012,Half-Hourly,312,286489378.3
E07000124,Ribble Valley,2012,Half-Hourly,95,229864340.9
E07000125,Rossendale,2012,Half-Hourly,106,180780771.6
E07000126,South Ribble,2012,Half-Hourly,203,207302407.3
E07000127,West Lancashire,2012,Half-Hourly,214,220305353.6
E07000128,Wyre,2012,Half-Hourly,155,207734876.5
E07000129,Blaby,2012,Half-Hourly,228,170567939.8
E07000130,Charnwood,2012,Half-Hourly,315,256730371.3
E07000131,Harborough,2012,Half-Hourly,187,124284668
E07000132,Hinckley and Bosworth,2012,Half-Hourly,172,168898562.1
E07000133,Melton,2012,Half-Hourly,100,119171813.7
E07000134,North West Leicestershire,2012,Half-Hourly,253,308190342.5
E07000135,Oadby and Wigston,2012,Half-Hourly,99,75023747.8
E07000136,Boston,2012,Half-Hourly,175,156957911.4
E07000137,East Lindsey,2012,Half-Hourly,317,230971371.9
E07000138,Lincoln,2012,Half-Hourly,202,190917205.8
E07000139,North Kesteven,2012,Half-Hourly,180,168189654.7
E07000140,South Holland,2012,Half-Hourly,218,250657877.4
E07000141,South Kesteven,2012,Half-Hourly,251,282239899.6
E07000142,West Lindsey,2012,Half-Hourly,187,150538444.7
E07000143,Breckland,2012,Half-Hourly,308,217618849.3
E07000144,Broadland,2012,Half-Hourly,193,157714696.6
E07000145,Great Yarmouth,2012,Half-Hourly,220,115030154.1
E07000146,King's Lynn and West Norfolk,2012,Half-Hourly,330,652129774.4
E07000147,North Norfolk,2012,Half-Hourly,224,159527928.1
E07000148,Norwich,2012,Half-Hourly,317,272037479
E07000149,South Norfolk,2012,Half-Hourly,181,193153724.2
E07000150,Corby,2012,Half-Hourly,257,293253921.9
E07000151,Daventry,2012,Half-Hourly,211,184982778.9
E07000152,East Northamptonshire,2012,Half-Hourly,135,115213187.4
E07000153,Kettering,2012,Half-Hourly,179,155253534.6
E07000154,Northampton,2012,Half-Hourly,504,435427103.9
E07000155,South Northamptonshire,2012,Half-Hourly,147,151780821
E07000156,Wellingborough,2012,Half-Hourly,195,174905102.2
E07000163,Craven,2012,Half-Hourly,103,67023025.8
E07000164,Hambleton,2012,Half-Hourly,150,191034300.6
E07000165,Harrogate,2012,Half-Hourly,291,358697985.8
E07000166,Richmondshire,2012,Half-Hourly,87,72074511.9
E07000167,Ryedale,2012,Half-Hourly,83,125919313.3
E07000168,Scarborough,2012,Half-Hourly,189,191373343.1
E07000169,Selby,2012,Half-Hourly,174,301466925.1
E07000170,Ashfield,2012,Half-Hourly,267,282844533.9
E07000171,Bassetlaw,2012,Half-Hourly,257,276881506.3
E07000172,Broxtowe,2012,Half-Hourly,158,116758116.4
E07000173,Gedling,2012,Half-Hourly,150,91702237
E07000174,Mansfield,2012,Half-Hourly,204,151420052.2
E07000175,Newark and Sherwood,2012,Half-Hourly,256,294252681.3
E07000176,Rushcliffe,2012,Half-Hourly,137,119068419.7
E07000177,Cherwell,2012,Half-Hourly,297,315572482.5
E07000178,Oxford,2012,Half-Hourly,372,508771301.1
E07000179,South Oxfordshire,2012,Half-Hourly,219,363214817.1
E07000180,Vale of White Horse,2012,Half-Hourly,311,388766281.7
E07000181,West Oxfordshire,2012,Half-Hourly,152,191770638.8
E07000187,Mendip,2012,Half-Hourly,205,209543927.1
E07000188,Sedgemoor,2012,Half-Hourly,219,276700000.5
E07000189,South Somerset,2012,Half-Hourly,263,272475337.3
E07000192,Cannock Chase,2012,Half-Hourly,170,129122173.1
E07000193,East Staffordshire,2012,Half-Hourly,279,386125803.5
E07000194,Lichfield,2012,Half-Hourly,207,166197764.2
E07000195,Newcastle-under-Lyme,2012,Half-Hourly,174,181954942.1
E07000196,South Staffordshire,2012,Half-Hourly,157,152665480.1
E07000197,Stafford,2012,Half-Hourly,250,239591871.4
E07000198,Staffordshire Moorlands,2012,Half-Hourly,141,250296488.1
E07000199,Tamworth,2012,Half-Hourly,182,146860248.4
E07000200,Babergh,2012,Half-Hourly,154,148131472.1
E07000202,Ipswich,2012,Half-Hourly,266,192377811.6
E07000203,Mid Suffolk,2012,Half-Hourly,152,181937700.3
E07000207,Elmbridge,2012,Half-Hourly,227,172559769.2
E07000208,Epsom and Ewell,2012,Half-Hourly,92,56786119
E07000209,Guildford,2012,Half-Hourly,273,238111645.5
E07000210,Mole Valley,2012,Half-Hourly,150,181240229.4
E07000211,Reigate and Banstead,2012,Half-Hourly,187,259925275
E07000212,Runnymede,2012,Half-Hourly,193,197529449.1
E07000213,Spelthorne,2012,Half-Hourly,180,147813843.3
E07000214,Surrey Heath,2012,Half-Hourly,181,194252247.6
E07000215,Tandridge,2012,Half-Hourly,97,74013416.6
E07000216,Waverley,2012,Half-Hourly,154,85794659.7
E07000217,Woking,2012,Half-Hourly,179,296115694.8
E07000218,North Warwickshire,2012,Half-Hourly,214,368862660.9
E07000219,Nuneaton and Bedworth,2012,Half-Hourly,215,148672978.9
E07000220,Rugby,2012,Half-Hourly,219,401089105.3
E07000221,Stratford-on-Avon,2012,Half-Hourly,273,246835561.9
E07000222,Warwick,2012,Half-Hourly,316,279975260.6
E07000223,Adur,2012,Half-Hourly,85,51617452.7
E07000224,Arun,2012,Half-Hourly,186,124565538.9
E07000225,Chichester,2012,Half-Hourly,228,189980668.4
E07000226,Crawley,2012,Half-Hourly,269,384570112.3
E07000227,Horsham,2012,Half-Hourly,213,164666923.5
E07000228,Mid Sussex,2012,Half-Hourly,213,149520074.5
E07000229,Worthing,2012,Half-Hourly,132,121367610.9
E07000234,Bromsgrove,2012,Half-Hourly,131,81281026.4
E07000235,Malvern Hills,2012,Half-Hourly,118,75712561.2
E07000236,Redditch,2012,Half-Hourly,212,175041274.2
E07000237,Worcester,2012,Half-Hourly,203,194293154.3
E07000238,Wychavon,2012,Half-Hourly,269,285464702.2
E07000239,Wyre Forest,2012,Half-Hourly,211,134993488.4
E07000240,St Albans,2012,Half-Hourly,223,146518695.9
E07000241,Welwyn Hatfield,2012,Half-Hourly,259,356200874.5
E07000242,East Hertfordshire,2012,Half-Hourly,222,148685936.2
E07000243,Stevenage,2012,Half-Hourly,186,249018460.8
E07000244,East Suffolk,2012,Half-Hourly,401,481365003
E07000245,West Suffolk,2012,Half-Hourly,410,454872781.2
E07000246,Somerset West and Taunton,2012,Half-Hourly,223,255235581.2
E08000001,Bolton,2012,Half-Hourly,462,384949486.8
E08000002,Bury,2012,Half-Hourly,275,242781819.5
E08000003,Manchester,2012,Half-Hourly,1311,1390697510
E08000004,Oldham,2012,Half-Hourly,375,308604705.4
E08000005,Rochdale,2012,Half-Hourly,385,371107030.6
E08000006,Salford,2012,Half-Hourly,501,465359387.1
E08000007,Stockport,2012,Half-Hourly,439,388796652.9
E08000008,Tameside,2012,Half-Hourly,369,328640414
E08000009,Trafford,2012,Half-Hourly,545,813727348.7
E08000010,Wigan,2012,Half-Hourly,442,470312325.3
E08000011,Knowsley,2012,Half-Hourly,206,503996080.7
E08000012,Liverpool,2012,Half-Hourly,762,890471869
E08000013,St. Helens,2012,Half-Hourly,257,403159673.8
E08000014,Sefton,2012,Half-Hourly,284,325309028.1
E08000015,Wirral,2012,Half-Hourly,311,380054056.1
E08000016,Barnsley,2012,Half-Hourly,386,411920672.6
E08000017,Doncaster,2012,Half-Hourly,552,639065242.4
E08000018,Rotherham,2012,Half-Hourly,510,484564820.3
E08000019,Sheffield,2012,Half-Hourly,1190,1151560838
E08000021,Newcastle upon Tyne,2012,Half-Hourly,621,581334492.8
E08000022,North Tyneside,2012,Half-Hourly,329,334756823.4
E08000023,South Tyneside,2012,Half-Hourly,191,142904074.3
E08000024,Sunderland,2012,Half-Hourly,473,658321856.4
E08000025,Birmingham,2012,Half-Hourly,2193,1862786430
E08000026,Coventry,2012,Half-Hourly,602,589439054.4
E08000027,Dudley,2012,Half-Hourly,567,383065159.9
E08000028,Sandwell,2012,Half-Hourly,719,649748798
E08000029,Solihull,2012,Half-Hourly,409,469759793.8
E08000030,Walsall,2012,Half-Hourly,521,399990024.3
E08000031,Wolverhampton,2012,Half-Hourly,494,421229975.4
E08000032,Bradford,2012,Half-Hourly,896,723255065.4
E08000033,Calderdale,2012,Half-Hourly,420,338110729.2
E08000034,Kirklees,2012,Half-Hourly,779,606290424
E08000035,Leeds,2012,Half-Hourly,1653,1536273206
E08000036,Wakefield,2012,Half-Hourly,675,851305907.5
E08000037,Gateshead,2012,Half-Hourly,451,385522686.8
E09000001,City of London,2012,Half-Hourly,1619,2226114599
E09000002,Barking and Dagenham,2012,Half-Hourly,270,325674460.2
E09000003,Barnet,2012,Half-Hourly,376,284241054.2
E09000004,Bexley,2012,Half-Hourly,306,272280231.9
E09000005,Brent,2012,Half-Hourly,430,623622208.5
E09000006,Bromley,2012,Half-Hourly,361,250984608.7
E09000007,Camden,2012,Half-Hourly,1140,984813716
E09000008,Croydon,2012,Half-Hourly,475,482739380.2
E09000009,Ealing,2012,Half-Hourly,542,672349046.3
E09000010,Enfield,2012,Half-Hourly,372,341544848.5
E09000011,Greenwich,2012,Half-Hourly,454,256180299
E09000012,Hackney,2012,Half-Hourly,367,326056153.8
E09000013,Hammersmith and Fulham,2012,Half-Hourly,476,526792849
E09000014,Haringey,2012,Half-Hourly,250,236371525.1
E09000015,Harrow,2012,Half-Hourly,198,122088079.3
E09000016,Havering,2012,Half-Hourly,290,250482496.6
E09000017,Hillingdon,2012,Half-Hourly,579,906297894.7
E09000018,Hounslow,2012,Half-Hourly,529,791741733.8
E09000019,Islington,2012,Half-Hourly,698,705708231.8
E09000020,Kensington and Chelsea,2012,Half-Hourly,517,800089406.4
E09000021,Kingston upon Thames,2012,Half-Hourly,286,190807633.3
E09000022,Lambeth,2012,Half-Hourly,490,448448624.5
E09000023,Lewisham,2012,Half-Hourly,270,176322508.5
E09000024,Merton,2012,Half-Hourly,341,323019345.4
E09000025,Newham,2012,Half-Hourly,563,882124377.1
E09000026,Redbridge,2012,Half-Hourly,266,125700624.7
E09000027,Richmond upon Thames,2012,Half-Hourly,227,209030763.3
E09000028,Southwark,2012,Half-Hourly,794,912576242.4
E09000029,Sutton,2012,Half-Hourly,217,268949029.4
E09000030,Tower Hamlets,2012,Half-Hourly,1940,2123365971
E09000031,Waltham Forest,2012,Half-Hourly,265,191147926.2
E09000032,Wandsworth,2012,Half-Hourly,444,246290857.1
E09000033,Westminster,2012,Half-Hourly,3106,2447835303
S12000005,Clackmannanshire,2012,Half-Hourly,62,90025806.5
S12000006,Dumfries and Galloway,2012,Half-Hourly,274,316025256
S12000008,East Ayrshire,2012,Half-Hourly,136,153674616.7
S12000010,East Lothian,2012,Half-Hourly,113,175437034.6
S12000011,East Renfrewshire,2012,Half-Hourly,56,28676344.8
S12000013,Na h-Eileanan Siar,2012,Half-Hourly,69,27367005.6
S12000014,Falkirk,2012,Half-Hourly,204,281929896.9
S12000017,Highland,2012,Half-Hourly,673,611101747.9
S12000018,Inverclyde,2012,Half-Hourly,91,117505639
S12000019,Midlothian,2012,Half-Hourly,133,126985902.7
S12000020,Moray,2012,Half-Hourly,214,230423412.7
S12000021,North Ayrshire,2012,Half-Hourly,164,350316726.1
S12000023,Orkney Islands,2012,Half-Hourly,74,23208861.7
S12000026,Scottish Borders,2012,Half-Hourly,191,129762714.2
S12000027,Shetland Islands,2012,Half-Hourly,65,53194252.6
S12000028,South Ayrshire,2012,Half-Hourly,162,163139434.7
S12000029,South Lanarkshire,2012,Half-Hourly,459,352844588.7
S12000030,Stirling,2012,Half-Hourly,154,170109409.9
S12000033,Aberdeen City,2012,Half-Hourly,710,542407899.5
S12000034,Aberdeenshire,2012,Half-Hourly,576,396528296.9
S12000035,Argyll and Bute,2012,Half-Hourly,251,103568183.7
S12000036,City of Edinburgh,2012,Half-Hourly,803,939297054.5
S12000038,Renfrewshire,2012,Half-Hourly,250,257291881
S12000039,West Dunbartonshire,2012,Half-Hourly,105,126476609.2
S12000040,West Lothian,2012,Half-Hourly,310,415942424.6
S12000041,Angus,2012,Half-Hourly,281,176941204.9
S12000042,Dundee City,2012,Half-Hourly,370,276196970.2
S12000045,East Dunbartonshire,2012,Half-Hourly,70,100707217.7
S12000047,Fife,2012,Half-Hourly,570,583939515.5
S12000048,Perth and Kinross,2012,Half-Hourly,363,209951703.9
S12000049,Glasgow City,2012,Half-Hourly,1008,1161168172
S12000050,North Lanarkshire,2012,Half-Hourly,461,546026664.7
W06000001,Isle of Anglesey,2012,Half-Hourly,122,104910931.9
W06000002,Gwynedd,2012,Half-Hourly,291,163329524.9
W06000003,Conwy,2012,Half-Hourly,190,102764725.3
W06000004,Denbighshire,2012,Half-Hourly,176,122943754.3
W06000005,Flintshire,2012,Half-Hourly,279,665387327.7
W06000006,Wrexham,2012,Half-Hourly,253,676106305.1
W06000008,Ceredigion,2012,Half-Hourly,149,111096309.3
W06000009,Pembrokeshire,2012,Half-Hourly,214,657768157.5
W06000010,Carmarthenshire,2012,Half-Hourly,331,380618701.5
W06000011,Swansea,2012,Half-Hourly,413,414835983.4
W06000012,Neath Port Talbot,2012,Half-Hourly,215,1005635285
W06000013,Bridgend,2012,Half-Hourly,211,308192830.7
W06000014,Vale of Glamorgan,2012,Half-Hourly,156,237744343.6
W06000015,Cardiff,2012,Half-Hourly,729,837770449.9
W06000016,Rhondda Cynon Taf,2012,Half-Hourly,347,299543474.6
W06000018,Caerphilly,2012,Half-Hourly,281,314876706.9
W06000019,Blaenau Gwent,2012,Half-Hourly,121,120265528.1
W06000020,Torfaen,2012,Half-Hourly,165,209583039.5
W06000021,Monmouthshire,2012,Half-Hourly,147,124486923.5
W06000022,Newport,2012,Half-Hourly,305,558309732.1
W06000023,Powys,2012,Half-Hourly,290,145547591.8
W06000024,Merthyr Tydfil,2012,Half-Hourly,100,99715920.5
E06000001,Hartlepool,2013,Half-Hourly,157,256182676.8
E06000002,Middlesbrough,2013,Half-Hourly,255,195111554.5
E06000003,Redcar and Cleveland,2013,Half-Hourly,170,739293221
E06000004,Stockton-on-Tees,2013,Half-Hourly,371,896664455.8
E06000005,Darlington,2013,Half-Hourly,162,174054394.1
E06000006,Halton,2013,Half-Hourly,272,410689761.4
E06000007,Warrington,2013,Half-Hourly,401,438089280.5
E06000008,Blackburn with Darwen,2013,Half-Hourly,329,290961194.5
E06000009,Blackpool,2013,Half-Hourly,273,191094266.6
E06000010,"Kingston upon Hull, City of",2013,Half-Hourly,565,510964314.6
E06000011,East Riding of Yorkshire,2013,Half-Hourly,679,737911017
E06000012,North East Lincolnshire,2013,Half-Hourly,315,482148136.9
E06000013,North Lincolnshire,2013,Half-Hourly,401,855233302.9
E06000014,York,2013,Half-Hourly,385,290428515.9
E06000015,Derby,2013,Half-Hourly,500,413769688.9
E06000016,Leicester,2013,Half-Hourly,833,723761501.1
E06000017,Rutland,2013,Half-Hourly,72,239177989.6
E06000018,Nottingham,2013,Half-Hourly,799,540513192.6
E06000019,"Herefordshire, County of",2013,Half-Hourly,397,412162354
E06000020,Telford and Wrekin,2013,Half-Hourly,427,497939228.7
E06000021,Stoke-on-Trent,2013,Half-Hourly,535,445018815.4
E06000022,Bath and North East Somerset,2013,Half-Hourly,304,206972454.8
E06000023,"Bristol, City of",2013,Half-Hourly,876,756643791.8
E06000024,North Somerset,2013,Half-Hourly,285,260487921.5
E06000025,South Gloucestershire,2013,Half-Hourly,501,581296958.5
E06000026,Plymouth,2013,Half-Hourly,386,504210672.8
E06000027,Torbay,2013,Half-Hourly,193,116302937.8
E06000030,Swindon,2013,Half-Hourly,446,626820545
E06000031,Peterborough,2013,Half-Hourly,469,488957974
E06000032,Luton,2013,Half-Hourly,336,322909139.3
E06000033,Southend-on-Sea,2013,Half-Hourly,237,188034606.4
E06000034,Thurrock,2013,Half-Hourly,343,539242293.8
E06000035,Medway,2013,Half-Hourly,343,297563970.2
E06000036,Bracknell Forest,2013,Half-Hourly,234,281563264.7
E06000037,West Berkshire,2013,Half-Hourly,389,430860012.9
E06000038,Reading,2013,Half-Hourly,413,361336154.7
E06000039,Slough,2013,Half-Hourly,383,723021866.4
E06000040,Windsor and Maidenhead,2013,Half-Hourly,372,301639614.3
E06000041,Wokingham,2013,Half-Hourly,243,308796117.3
E06000042,Milton Keynes,2013,Half-Hourly,860,846600067.3
E06000043,Brighton and Hove,2013,Half-Hourly,400,341174263.6
E06000044,Portsmouth,2013,Half-Hourly,360,520970662.7
E06000045,Southampton,2013,Half-Hourly,381,393234825.7
E06000046,Isle of Wight,2013,Half-Hourly,246,158982339.6
E06000047,County Durham,2013,Half-Hourly,890,859346033.2
E06000049,Cheshire East,2013,Half-Hourly,611,769904371
E06000050,Cheshire West and Chester,2013,Half-Hourly,570,1421519958
E06000051,Shropshire,2013,Half-Hourly,564,585121710.8
E06000052,Cornwall,2013,Half-Hourly,1078,817826401.5
E06000053,Isles of Scilly,2013,Half-Hourly,7,2086874.8
E06000054,Wiltshire,2013,Half-Hourly,791,766206306.4
E06000055,Bedford,2013,Half-Hourly,309,300820703.7
E06000056,Central Bedfordshire,2013,Half-Hourly,408,383997746
E06000057,Northumberland,2013,Half-Hourly,489,663274026.7
E06000058,"Bournemouth, Christchurch and Poole",2013,Half-Hourly,679,628754115.2
E06000059,Dorset,2013,Half-Hourly,605,532700045.4
E07000004,Aylesbury Vale,2013,Half-Hourly,322,192485000.7
E07000005,Chiltern,2013,Half-Hourly,110,87871292.3
E07000006,South Bucks,2013,Half-Hourly,160,149787769.5
E07000007,Wycombe,2013,Half-Hourly,316,238006344.5
E07000008,Cambridge,2013,Half-Hourly,424,420220879
E07000009,East Cambridgeshire,2013,Half-Hourly,158,144712410.4
E07000010,Fenland,2013,Half-Hourly,214,260262644.7
E07000011,Huntingdonshire,2013,Half-Hourly,358,413075424.3
E07000012,South Cambridgeshire,2013,Half-Hourly,359,370572901.2
E07000026,Allerdale,2013,Half-Hourly,197,353423576
E07000027,Barrow-in-Furness,2013,Half-Hourly,119,337339790.8
E07000028,Carlisle,2013,Half-Hourly,218,298981503.4
E07000029,Copeland,2013,Half-Hourly,94,51130978.8
E07000030,Eden,2013,Half-Hourly,133,151990743.4
E07000031,South Lakeland,2013,Half-Hourly,222,173793345.2
E07000032,Amber Valley,2013,Half-Hourly,262,302198093.3
E07000033,Bolsover,2013,Half-Hourly,150,172857554.7
E07000034,Chesterfield,2013,Half-Hourly,243,177616520.3
E07000035,Derbyshire Dales,2013,Half-Hourly,149,181976175.1
E07000036,Erewash,2013,Half-Hourly,178,152489306.6
E07000037,High Peak,2013,Half-Hourly,188,518131202.5
E07000038,North East Derbyshire,2013,Half-Hourly,148,204226601.2
E07000039,South Derbyshire,2013,Half-Hourly,165,295098608.8
E07000040,East Devon,2013,Half-Hourly,203,115442770.5
E07000041,Exeter,2013,Half-Hourly,276,297066569.7
E07000042,Mid Devon,2013,Half-Hourly,142,109140775.8
E07000043,North Devon,2013,Half-Hourly,191,162883111.2
E07000044,South Hams,2013,Half-Hourly,202,146528545.2
E07000045,Teignbridge,2013,Half-Hourly,217,141201934.3
E07000046,Torridge,2013,Half-Hourly,124,58001129.7
E07000047,West Devon,2013,Half-Hourly,94,79844882.9
E07000061,Eastbourne,2013,Half-Hourly,147,119525548
E07000062,Hastings,2013,Half-Hourly,133,98487702.6
E07000063,Lewes,2013,Half-Hourly,141,90265956.1
E07000064,Rother,2013,Half-Hourly,111,77125532.3
E07000065,Wealden,2013,Half-Hourly,192,93462620
E07000066,Basildon,2013,Half-Hourly,295,326873003.2
E07000067,Braintree,2013,Half-Hourly,230,190247575
E07000068,Brentwood,2013,Half-Hourly,117,87683652.9
E07000069,Castle Point,2013,Half-Hourly,83,47218135.4
E07000070,Chelmsford,2013,Half-Hourly,303,285612277.8
E07000071,Colchester,2013,Half-Hourly,304,256504370.6
E07000072,Epping Forest,2013,Half-Hourly,169,106143569.8
E07000073,Harlow,2013,Half-Hourly,188,191699018.7
E07000074,Maldon,2013,Half-Hourly,89,95120242.5
E07000075,Rochford,2013,Half-Hourly,87,84088300.4
E07000076,Tendring,2013,Half-Hourly,199,135162045.4
E07000077,Uttlesford,2013,Half-Hourly,105,151036627.8
E07000078,Cheltenham,2013,Half-Hourly,214,255548573.5
E07000079,Cotswold,2013,Half-Hourly,169,90369384.5
E07000080,Forest of Dean,2013,Half-Hourly,132,201558686.1
E07000081,Gloucester,2013,Half-Hourly,299,299766884.5
E07000082,Stroud,2013,Half-Hourly,213,239779926.5
E07000083,Tewkesbury,2013,Half-Hourly,201,273471741
E07000084,Basingstoke and Deane,2013,Half-Hourly,371,403589646.4
E07000085,East Hampshire,2013,Half-Hourly,187,136383189.6
E07000086,Eastleigh,2013,Half-Hourly,224,241309333.8
E07000087,Fareham,2013,Half-Hourly,159,168649670.9
E07000088,Gosport,2013,Half-Hourly,97,108578724.3
E07000089,Hart,2013,Half-Hourly,170,108552215.8
E07000090,Havant,2013,Half-Hourly,155,145343702.6
E07000091,New Forest,2013,Half-Hourly,282,282061956
E07000092,Rushmoor,2013,Half-Hourly,209,186897308.2
E07000093,Test Valley,2013,Half-Hourly,258,230860547.1
E07000094,Winchester,2013,Half-Hourly,239,285257805.3
E07000095,Broxbourne,2013,Half-Hourly,165,198680644.4
E07000096,Dacorum,2013,Half-Hourly,270,226284904.8
E07000098,Hertsmere,2013,Half-Hourly,209,204861417.5
E07000099,North Hertfordshire,2013,Half-Hourly,194,162370008
E07000102,Three Rivers,2013,Half-Hourly,120,125362987.5
E07000103,Watford,2013,Half-Hourly,234,273596703
E07000105,Ashford,2013,Half-Hourly,213,180116851.8
E07000106,Canterbury,2013,Half-Hourly,248,196866464.8
E07000107,Dartford,2013,Half-Hourly,274,205176062
E07000108,Dover,2013,Half-Hourly,154,174630989.3
E07000109,Gravesham,2013,Half-Hourly,117,251214899.1
E07000110,Maidstone,2013,Half-Hourly,286,343333180.8
E07000111,Sevenoaks,2013,Half-Hourly,174,127998584.9
E07000112,Folkestone and Hythe,2013,Half-Hourly,172,166401078.7
E07000113,Swale,2013,Half-Hourly,252,316513658.4
E07000114,Thanet,2013,Half-Hourly,212,183867494.4
E07000115,Tonbridge and Malling,2013,Half-Hourly,230,204687732.4
E07000116,Tunbridge Wells,2013,Half-Hourly,215,187608293.2
E07000117,Burnley,2013,Half-Hourly,176,136504456.1
E07000118,Chorley,2013,Half-Hourly,131,117911891
E07000119,Fylde,2013,Half-Hourly,122,153776160.4
E07000120,Hyndburn,2013,Half-Hourly,148,113889529.2
E07000121,Lancaster,2013,Half-Hourly,241,205818198.1
E07000122,Pendle,2013,Half-Hourly,162,190957697.6
E07000123,Preston,2013,Half-Hourly,318,280496520.6
E07000124,Ribble Valley,2013,Half-Hourly,98,259039467.7
E07000125,Rossendale,2013,Half-Hourly,107,175823721.2
E07000126,South Ribble,2013,Half-Hourly,212,218200335.5
E07000127,West Lancashire,2013,Half-Hourly,214,230572278.2
E07000128,Wyre,2013,Half-Hourly,160,216470770
E07000129,Blaby,2013,Half-Hourly,235,180677667.5
E07000130,Charnwood,2013,Half-Hourly,322,314262378.1
E07000131,Harborough,2013,Half-Hourly,193,132547596
E07000132,Hinckley and Bosworth,2013,Half-Hourly,181,175388712.8
E07000133,Melton,2013,Half-Hourly,102,137993070.6
E07000134,North West Leicestershire,2013,Half-Hourly,257,316060943.6
E07000135,Oadby and Wigston,2013,Half-Hourly,98,78370888.7
E07000136,Boston,2013,Half-Hourly,175,157691747.2
E07000137,East Lindsey,2013,Half-Hourly,329,237795022.4
E07000138,Lincoln,2013,Half-Hourly,211,196216121.7
E07000139,North Kesteven,2013,Half-Hourly,188,202134707.1
E07000140,South Holland,2013,Half-Hourly,219,260835543.6
E07000141,South Kesteven,2013,Half-Hourly,257,290801748
E07000142,West Lindsey,2013,Half-Hourly,193,164663989.3
E07000143,Breckland,2013,Half-Hourly,313,220335253.2
E07000144,Broadland,2013,Half-Hourly,198,170234309.5
E07000145,Great Yarmouth,2013,Half-Hourly,221,114581528.7
E07000146,King's Lynn and West Norfolk,2013,Half-Hourly,343,652554735.8
E07000147,North Norfolk,2013,Half-Hourly,228,165042226.2
E07000148,Norwich,2013,Half-Hourly,314,277052443.4
E07000149,South Norfolk,2013,Half-Hourly,186,187271766.8
E07000150,Corby,2013,Half-Hourly,257,319103371.7
E07000151,Daventry,2013,Half-Hourly,215,189054277.8
E07000152,East Northamptonshire,2013,Half-Hourly,140,121317064.5
E07000153,Kettering,2013,Half-Hourly,192,175719685.5
E07000154,Northampton,2013,Half-Hourly,510,449424310.3
E07000155,South Northamptonshire,2013,Half-Hourly,149,156504172
E07000156,Wellingborough,2013,Half-Hourly,205,182905981.4
E07000163,Craven,2013,Half-Hourly,107,76690746.8
E07000164,Hambleton,2013,Half-Hourly,153,195212245.6
E07000165,Harrogate,2013,Half-Hourly,296,354390768.2
E07000166,Richmondshire,2013,Half-Hourly,90,70181124.4
E07000167,Ryedale,2013,Half-Hourly,89,129562756.1
E07000168,Scarborough,2013,Half-Hourly,198,194543692.9
E07000169,Selby,2013,Half-Hourly,177,326832501.1
E07000170,Ashfield,2013,Half-Hourly,268,317419933.2
E07000171,Bassetlaw,2013,Half-Hourly,259,287345773.4
E07000172,Broxtowe,2013,Half-Hourly,161,112631199.2
E07000173,Gedling,2013,Half-Hourly,156,92854777.6
E07000174,Mansfield,2013,Half-Hourly,204,161518113.3
E07000175,Newark and Sherwood,2013,Half-Hourly,262,302753913.5
E07000176,Rushcliffe,2013,Half-Hourly,136,158893358.4
E07000177,Cherwell,2013,Half-Hourly,305,340344042.9
E07000178,Oxford,2013,Half-Hourly,382,515735515.8
E07000179,South Oxfordshire,2013,Half-Hourly,221,366485077
E07000180,Vale of White Horse,2013,Half-Hourly,319,388635990.5
E07000181,West Oxfordshire,2013,Half-Hourly,156,197205779.6
E07000187,Mendip,2013,Half-Hourly,212,220383383
E07000188,Sedgemoor,2013,Half-Hourly,228,272167317.8
E07000189,South Somerset,2013,Half-Hourly,270,266778768.3
E07000192,Cannock Chase,2013,Half-Hourly,178,138853324.7
E07000193,East Staffordshire,2013,Half-Hourly,289,390255545.4
E07000194,Lichfield,2013,Half-Hourly,213,181098819.4
E07000195,Newcastle-under-Lyme,2013,Half-Hourly,176,197184859.9
E07000196,South Staffordshire,2013,Half-Hourly,161,161697756.3
E07000197,Stafford,2013,Half-Hourly,260,244481634.6
E07000198,Staffordshire Moorlands,2013,Half-Hourly,144,267450100.5
E07000199,Tamworth,2013,Half-Hourly,181,148775400.4
E07000200,Babergh,2013,Half-Hourly,155,157100837.6
E07000202,Ipswich,2013,Half-Hourly,279,195709454.1
E07000203,Mid Suffolk,2013,Half-Hourly,156,187793302.4
E07000207,Elmbridge,2013,Half-Hourly,236,168502937.6
E07000208,Epsom and Ewell,2013,Half-Hourly,96,56997952.5
E07000209,Guildford,2013,Half-Hourly,282,239200836.6
E07000210,Mole Valley,2013,Half-Hourly,156,181738388.3
E07000211,Reigate and Banstead,2013,Half-Hourly,186,262531188.9
E07000212,Runnymede,2013,Half-Hourly,201,195730854.4
E07000213,Spelthorne,2013,Half-Hourly,189,153181138.7
E07000214,Surrey Heath,2013,Half-Hourly,181,190844503.2
E07000215,Tandridge,2013,Half-Hourly,101,72303779.7
E07000216,Waverley,2013,Half-Hourly,155,86682861.8
E07000217,Woking,2013,Half-Hourly,180,319214053.8
E07000218,North Warwickshire,2013,Half-Hourly,212,329184937.5
E07000219,Nuneaton and Bedworth,2013,Half-Hourly,221,157320121.8
E07000220,Rugby,2013,Half-Hourly,225,415553451.5
E07000221,Stratford-on-Avon,2013,Half-Hourly,280,244109708.7
E07000222,Warwick,2013,Half-Hourly,326,290521878.3
E07000223,Adur,2013,Half-Hourly,81,48550760.8
E07000224,Arun,2013,Half-Hourly,191,124630426.5
E07000225,Chichester,2013,Half-Hourly,234,193098693.9
E07000226,Crawley,2013,Half-Hourly,282,392396276.1
E07000227,Horsham,2013,Half-Hourly,214,164654526.6
E07000228,Mid Sussex,2013,Half-Hourly,220,150971813.4
E07000229,Worthing,2013,Half-Hourly,140,118053027.3
E07000234,Bromsgrove,2013,Half-Hourly,131,85189456.5
E07000235,Malvern Hills,2013,Half-Hourly,122,74722722.5
E07000236,Redditch,2013,Half-Hourly,216,172682296.7
E07000237,Worcester,2013,Half-Hourly,207,203749409.8
E07000238,Wychavon,2013,Half-Hourly,279,282246045.9
E07000239,Wyre Forest,2013,Half-Hourly,210,144636540.9
E07000240,St Albans,2013,Half-Hourly,233,148523397.9
E07000241,Welwyn Hatfield,2013,Half-Hourly,264,367195870.8
E07000242,East Hertfordshire,2013,Half-Hourly,227,147908970.7
E07000243,Stevenage,2013,Half-Hourly,187,243838091.6
E07000244,East Suffolk,2013,Half-Hourly,417,479235212
E07000245,West Suffolk,2013,Half-Hourly,428,459783252.1
E07000246,Somerset West and Taunton,2013,Half-Hourly,231,250225986.6
E08000001,Bolton,2013,Half-Hourly,468,389727299.8
E08000002,Bury,2013,Half-Hourly,268,241734713.1
E08000003,Manchester,2013,Half-Hourly,1332,1457358045
E08000004,Oldham,2013,Half-Hourly,375,304779653.8
E08000005,Rochdale,2013,Half-Hourly,388,382636175.4
E08000006,Salford,2013,Half-Hourly,511,467350116.7
E08000007,Stockport,2013,Half-Hourly,447,383921153.9
E08000008,Tameside,2013,Half-Hourly,362,324182420.2
E08000009,Trafford,2013,Half-Hourly,554,817708077.8
E08000010,Wigan,2013,Half-Hourly,449,465355254.3
E08000011,Knowsley,2013,Half-Hourly,204,467895861.6
E08000012,Liverpool,2013,Half-Hourly,777,858653016.3
E08000013,St. Helens,2013,Half-Hourly,255,399670607.3
E08000014,Sefton,2013,Half-Hourly,290,321854215.5
E08000015,Wirral,2013,Half-Hourly,314,371967288.6
E08000016,Barnsley,2013,Half-Hourly,386,441072971.9
E08000017,Doncaster,2013,Half-Hourly,567,657467047.2
E08000018,Rotherham,2013,Half-Hourly,529,515989881.1
E08000019,Sheffield,2013,Half-Hourly,1210,1224620376
E08000021,Newcastle upon Tyne,2013,Half-Hourly,639,622035889.5
E08000022,North Tyneside,2013,Half-Hourly,342,326091205.9
E08000023,South Tyneside,2013,Half-Hourly,192,147128713.3
E08000024,Sunderland,2013,Half-Hourly,485,667267813.5
E08000025,Birmingham,2013,Half-Hourly,2239,1927600374
E08000026,Coventry,2013,Half-Hourly,619,603743184.9
E08000027,Dudley,2013,Half-Hourly,577,384375274.7
E08000028,Sandwell,2013,Half-Hourly,742,674346664.9
E08000029,Solihull,2013,Half-Hourly,422,480392358.8
E08000030,Walsall,2013,Half-Hourly,516,415748912.3
E08000031,Wolverhampton,2013,Half-Hourly,502,439549296.3
E08000032,Bradford,2013,Half-Hourly,898,765837315.7
E08000033,Calderdale,2013,Half-Hourly,422,356513423.7
E08000034,Kirklees,2013,Half-Hourly,796,617115608.9
E08000035,Leeds,2013,Half-Hourly,1680,1564201626
E08000036,Wakefield,2013,Half-Hourly,685,904053502.8
E08000037,Gateshead,2013,Half-Hourly,466,386876530.6
E09000001,City of London,2013,Half-Hourly,1647,2178650186
E09000002,Barking and Dagenham,2013,Half-Hourly,275,309325739
E09000003,Barnet,2013,Half-Hourly,389,284172019.3
E09000004,Bexley,2013,Half-Hourly,323,272695405.3
E09000005,Brent,2013,Half-Hourly,465,616586203.6
E09000006,Bromley,2013,Half-Hourly,367,248301944.4
E09000007,Camden,2013,Half-Hourly,1187,982174532
E09000008,Croydon,2013,Half-Hourly,486,470250843.8
E09000009,Ealing,2013,Half-Hourly,565,716130805.9
E09000010,Enfield,2013,Half-Hourly,395,356697018.3
E09000011,Greenwich,2013,Half-Hourly,485,281734432.6
E09000012,Hackney,2013,Half-Hourly,346,322956432.7
E09000013,Hammersmith and Fulham,2013,Half-Hourly,491,522915231.9
E09000014,Haringey,2013,Half-Hourly,265,231217613
E09000015,Harrow,2013,Half-Hourly,206,125238468.2
E09000016,Havering,2013,Half-Hourly,300,263728616.2
E09000017,Hillingdon,2013,Half-Hourly,601,909717192
E09000018,Hounslow,2013,Half-Hourly,552,794504366.1
E09000019,Islington,2013,Half-Hourly,721,671480799.6
E09000020,Kensington and Chelsea,2013,Half-Hourly,546,748084851.4
E09000021,Kingston upon Thames,2013,Half-Hourly,306,202104952.5
E09000022,Lambeth,2013,Half-Hourly,518,453478923.9
E09000023,Lewisham,2013,Half-Hourly,290,172901353
E09000024,Merton,2013,Half-Hourly,350,355348166.2
E09000025,Newham,2013,Half-Hourly,654,922926992.8
E09000026,Redbridge,2013,Half-Hourly,275,129356466.4
E09000027,Richmond upon Thames,2013,Half-Hourly,234,206654422.6
E09000028,Southwark,2013,Half-Hourly,815,882502676.5
E09000029,Sutton,2013,Half-Hourly,221,270072807.3
E09000030,Tower Hamlets,2013,Half-Hourly,1991,2073344154
E09000031,Waltham Forest,2013,Half-Hourly,272,200015126.6
E09000032,Wandsworth,2013,Half-Hourly,477,244868352.3
E09000033,Westminster,2013,Half-Hourly,3172,2505631160
S12000005,Clackmannanshire,2013,Half-Hourly,60,94677173.8
S12000006,Dumfries and Galloway,2013,Half-Hourly,290,324344381.1
S12000008,East Ayrshire,2013,Half-Hourly,142,153861872.9
S12000010,East Lothian,2013,Half-Hourly,117,192782419.6
S12000011,East Renfrewshire,2013,Half-Hourly,58,30575570.8
S12000013,Na h-Eileanan Siar,2013,Half-Hourly,67,30159548.7
S12000014,Falkirk,2013,Half-Hourly,209,277510907.8
S12000017,Highland,2013,Half-Hourly,680,636321479.6
S12000018,Inverclyde,2013,Half-Hourly,99,120219577
S12000019,Midlothian,2013,Half-Hourly,132,137485706.9
S12000020,Moray,2013,Half-Hourly,214,241630497
S12000021,North Ayrshire,2013,Half-Hourly,173,354058375.8
S12000023,Orkney Islands,2013,Half-Hourly,79,25762552.3
S12000026,Scottish Borders,2013,Half-Hourly,196,137782603.6
S12000027,Shetland Islands,2013,Half-Hourly,66,56174059.8
S12000028,South Ayrshire,2013,Half-Hourly,167,171972811
S12000029,South Lanarkshire,2013,Half-Hourly,478,365497463
S12000030,Stirling,2013,Half-Hourly,149,168659450.3
S12000033,Aberdeen City,2013,Half-Hourly,740,563197891.3
S12000034,Aberdeenshire,2013,Half-Hourly,595,408960894.5
S12000035,Argyll and Bute,2013,Half-Hourly,255,106902906.8
S12000036,City of Edinburgh,2013,Half-Hourly,836,955911416.5
S12000038,Renfrewshire,2013,Half-Hourly,258,267857924
S12000039,West Dunbartonshire,2013,Half-Hourly,108,134899076.4
S12000040,West Lothian,2013,Half-Hourly,316,414378092.1
S12000041,Angus,2013,Half-Hourly,281,175308275.6
S12000042,Dundee City,2013,Half-Hourly,376,295520463.5
S12000045,East Dunbartonshire,2013,Half-Hourly,72,102901264.9
S12000047,Fife,2013,Half-Hourly,576,617842540.1
S12000048,Perth and Kinross,2013,Half-Hourly,371,217300270.3
S12000049,Glasgow City,2013,Half-Hourly,1042,1152286836
S12000050,North Lanarkshire,2013,Half-Hourly,463,554663804.2
W06000001,Isle of Anglesey,2013,Half-Hourly,118,99048620.7
W06000002,Gwynedd,2013,Half-Hourly,292,162150713.5
W06000003,Conwy,2013,Half-Hourly,198,98571999.3
W06000004,Denbighshire,2013,Half-Hourly,179,126976981
W06000005,Flintshire,2013,Half-Hourly,285,669181448.7
W06000006,Wrexham,2013,Half-Hourly,257,671348083.7
W06000008,Ceredigion,2013,Half-Hourly,153,116694388.9
W06000009,Pembrokeshire,2013,Half-Hourly,226,688994702.7
W06000010,Carmarthenshire,2013,Half-Hourly,342,413703899.7
W06000011,Swansea,2013,Half-Hourly,426,416799594.1
W06000012,Neath Port Talbot,2013,Half-Hourly,226,1206133211
W06000013,Bridgend,2013,Half-Hourly,214,328919675.4
W06000014,Vale of Glamorgan,2013,Half-Hourly,161,248685336
W06000015,Cardiff,2013,Half-Hourly,751,825502883.3
W06000016,Rhondda Cynon Taf,2013,Half-Hourly,351,305224079.7
W06000018,Caerphilly,2013,Half-Hourly,289,325974937.4
W06000019,Blaenau Gwent,2013,Half-Hourly,124,135235965.1
W06000020,Torfaen,2013,Half-Hourly,167,218348991.5
W06000021,Monmouthshire,2013,Half-Hourly,151,159133764
W06000022,Newport,2013,Half-Hourly,307,567775058.8
W06000023,Powys,2013,Half-Hourly,294,166707634
W06000024,Merthyr Tydfil,2013,Half-Hourly,108,93417083.3
E06000001,Hartlepool,2014,Half-Hourly,180,254908545.8
E06000002,Middlesbrough,2014,Half-Hourly,297,187891243.5
E06000003,Redcar and Cleveland,2014,Half-Hourly,194,796404523.8
E06000004,Stockton-on-Tees,2014,Half-Hourly,459,919325223
E06000005,Darlington,2014,Half-Hourly,189,169590841.2
E06000006,Halton,2014,Half-Hourly,312,412005059.3
E06000007,Warrington,2014,Half-Hourly,483,432639981.1
E06000008,Blackburn with Darwen,2014,Half-Hourly,395,288194500.1
E06000009,Blackpool,2014,Half-Hourly,325,186699243.1
E06000010,"Kingston upon Hull, City of",2014,Half-Hourly,646,514013096.6
E06000011,East Riding of Yorkshire,2014,Half-Hourly,813,786695142.7
E06000012,North East Lincolnshire,2014,Half-Hourly,374,520145356.9
E06000013,North Lincolnshire,2014,Half-Hourly,499,757970419
E06000014,York,2014,Half-Hourly,466,312124352.3
E06000015,Derby,2014,Half-Hourly,615,389667221.8
E06000016,Leicester,2014,Half-Hourly,973,715426350.9
E06000017,Rutland,2014,Half-Hourly,87,230171904.4
E06000018,Nottingham,2014,Half-Hourly,943,528510428.8
E06000019,"Herefordshire, County of",2014,Half-Hourly,519,423614284.3
E06000020,Telford and Wrekin,2014,Half-Hourly,508,508960757.7
E06000021,Stoke-on-Trent,2014,Half-Hourly,655,430049159.5
E06000022,Bath and North East Somerset,2014,Half-Hourly,362,200771307.7
E06000023,"Bristol, City of",2014,Half-Hourly,1058,756648004.6
E06000024,North Somerset,2014,Half-Hourly,357,262779478.7
E06000025,South Gloucestershire,2014,Half-Hourly,598,582310794.4
E06000026,Plymouth,2014,Half-Hourly,472,497586151.7
E06000027,Torbay,2014,Half-Hourly,233,113841840.5
E06000030,Swindon,2014,Half-Hourly,543,596849241.3
E06000031,Peterborough,2014,Half-Hourly,572,479892050.4
E06000032,Luton,2014,Half-Hourly,369,314921209.6
E06000033,Southend-on-Sea,2014,Half-Hourly,276,177530888.1
E06000034,Thurrock,2014,Half-Hourly,405,572936582.1
E06000035,Medway,2014,Half-Hourly,406,284366467.6
E06000036,Bracknell Forest,2014,Half-Hourly,263,272393511.4
E06000037,West Berkshire,2014,Half-Hourly,457,432225733.9
E06000038,Reading,2014,Half-Hourly,497,351717683.5
E06000039,Slough,2014,Half-Hourly,460,753034464.2
E06000040,Windsor and Maidenhead,2014,Half-Hourly,447,296992766.4
E06000041,Wokingham,2014,Half-Hourly,294,309600822.9
E06000042,Milton Keynes,2014,Half-Hourly,1024,838829093.8
E06000043,Brighton and Hove,2014,Half-Hourly,477,339835011.6
E06000044,Portsmouth,2014,Half-Hourly,424,509875677
E06000045,Southampton,2014,Half-Hourly,434,373060041.3
E06000046,Isle of Wight,2014,Half-Hourly,302,167838461.6
E06000047,County Durham,2014,Half-Hourly,1080,858328948.6
E06000049,Cheshire East,2014,Half-Hourly,747,763445229.8
E06000050,Cheshire West and Chester,2014,Half-Hourly,689,1435056691
E06000051,Shropshire,2014,Half-Hourly,696,618398297.2
E06000052,Cornwall,2014,Half-Hourly,1303,889050051.6
E06000053,Isles of Scilly,2014,Half-Hourly,10,2137484.4
E06000054,Wiltshire,2014,Half-Hourly,990,796088087.3
E06000055,Bedford,2014,Half-Hourly,387,298976487.6
E06000056,Central Bedfordshire,2014,Half-Hourly,494,393319844.3
E06000057,Northumberland,2014,Half-Hourly,587,672071903.4
E06000058,"Bournemouth, Christchurch and Poole",2014,Half-Hourly,799,612077469.3
E06000059,Dorset,2014,Half-Hourly,746,557247732.1
E07000004,Aylesbury Vale,2014,Half-Hourly,399,183692763.1
E07000005,Chiltern,2014,Half-Hourly,139,85651893.7
E07000006,South Bucks,2014,Half-Hourly,202,144765947.8
E07000007,Wycombe,2014,Half-Hourly,369,227262819.7
E07000008,Cambridge,2014,Half-Hourly,486,417206043.3
E07000009,East Cambridgeshire,2014,Half-Hourly,206,145949841
E07000010,Fenland,2014,Half-Hourly,277,273248238.8
E07000011,Huntingdonshire,2014,Half-Hourly,431,414680955.6
E07000012,South Cambridgeshire,2014,Half-Hourly,435,376393247.5
E07000026,Allerdale,2014,Half-Hourly,245,228154004.8
E07000027,Barrow-in-Furness,2014,Half-Hourly,145,348019282.7
E07000028,Carlisle,2014,Half-Hourly,269,303448198.8
E07000029,Copeland,2014,Half-Hourly,116,53482746.9
E07000030,Eden,2014,Half-Hourly,161,152868750.6
E07000031,South Lakeland,2014,Half-Hourly,270,174643758.5
E07000032,Amber Valley,2014,Half-Hourly,328,297025393.1
E07000033,Bolsover,2014,Half-Hourly,185,176916762.5
E07000034,Chesterfield,2014,Half-Hourly,310,176624607.4
E07000035,Derbyshire Dales,2014,Half-Hourly,178,173803466.8
E07000036,Erewash,2014,Half-Hourly,228,151641583.6
E07000037,High Peak,2014,Half-Hourly,229,539329939.1
E07000038,North East Derbyshire,2014,Half-Hourly,174,206152042.3
E07000039,South Derbyshire,2014,Half-Hourly,204,284359003.8
E07000040,East Devon,2014,Half-Hourly,248,117796946
E07000041,Exeter,2014,Half-Hourly,328,287360719.7
E07000042,Mid Devon,2014,Half-Hourly,165,113950830.2
E07000043,North Devon,2014,Half-Hourly,231,163262106.3
E07000044,South Hams,2014,Half-Hourly,231,145477571.4
E07000045,Teignbridge,2014,Half-Hourly,256,141779803.8
E07000046,Torridge,2014,Half-Hourly,153,54547974.2
E07000047,West Devon,2014,Half-Hourly,105,81786374.5
E07000061,Eastbourne,2014,Half-Hourly,174,116074476.8
E07000062,Hastings,2014,Half-Hourly,153,92740983.7
E07000063,Lewes,2014,Half-Hourly,171,85867465.5
E07000064,Rother,2014,Half-Hourly,137,78639879.6
E07000065,Wealden,2014,Half-Hourly,241,93472148.6
E07000066,Basildon,2014,Half-Hourly,352,313866084.4
E07000067,Braintree,2014,Half-Hourly,283,189881428.8
E07000068,Brentwood,2014,Half-Hourly,136,88118522.6
E07000069,Castle Point,2014,Half-Hourly,100,45173983.5
E07000070,Chelmsford,2014,Half-Hourly,371,267031732.4
E07000071,Colchester,2014,Half-Hourly,389,254125277.5
E07000072,Epping Forest,2014,Half-Hourly,186,106048086.2
E07000073,Harlow,2014,Half-Hourly,241,171570976.3
E07000074,Maldon,2014,Half-Hourly,107,90215642.4
E07000075,Rochford,2014,Half-Hourly,106,82128234.9
E07000076,Tendring,2014,Half-Hourly,241,134295293.1
E07000077,Uttlesford,2014,Half-Hourly,129,159689800.6
E07000078,Cheltenham,2014,Half-Hourly,268,254079049
E07000079,Cotswold,2014,Half-Hourly,226,89566213.7
E07000080,Forest of Dean,2014,Half-Hourly,159,196017651.3
E07000081,Gloucester,2014,Half-Hourly,350,290513503.6
E07000082,Stroud,2014,Half-Hourly,254,234542011.7
E07000083,Tewkesbury,2014,Half-Hourly,249,277412210.8
E07000084,Basingstoke and Deane,2014,Half-Hourly,435,404641583.7
E07000085,East Hampshire,2014,Half-Hourly,230,129276343
E07000086,Eastleigh,2014,Half-Hourly,256,238601710.9
E07000087,Fareham,2014,Half-Hourly,181,161956820.1
E07000088,Gosport,2014,Half-Hourly,122,106168775.5
E07000089,Hart,2014,Half-Hourly,211,112051439.9
E07000090,Havant,2014,Half-Hourly,181,147012012
E07000091,New Forest,2014,Half-Hourly,333,287995518.2
E07000092,Rushmoor,2014,Half-Hourly,266,194242019.5
E07000093,Test Valley,2014,Half-Hourly,303,223134651.6
E07000094,Winchester,2014,Half-Hourly,286,271399118.2
E07000095,Broxbourne,2014,Half-Hourly,194,196761513.3
E07000096,Dacorum,2014,Half-Hourly,317,228825132.6
E07000098,Hertsmere,2014,Half-Hourly,249,196434212.4
E07000099,North Hertfordshire,2014,Half-Hourly,235,187985911.1
E07000102,Three Rivers,2014,Half-Hourly,143,120429867.5
E07000103,Watford,2014,Half-Hourly,282,275715642.8
E07000105,Ashford,2014,Half-Hourly,264,175592760.9
E07000106,Canterbury,2014,Half-Hourly,330,196416783.9
E07000107,Dartford,2014,Half-Hourly,307,190895937.5
E07000108,Dover,2014,Half-Hourly,185,168675753.3
E07000109,Gravesham,2014,Half-Hourly,144,263824574.2
E07000110,Maidstone,2014,Half-Hourly,335,248966228.6
E07000111,Sevenoaks,2014,Half-Hourly,208,123390562.6
E07000112,Folkestone and Hythe,2014,Half-Hourly,202,157309012.5
E07000113,Swale,2014,Half-Hourly,298,315315927.2
E07000114,Thanet,2014,Half-Hourly,249,194301717
E07000115,Tonbridge and Malling,2014,Half-Hourly,279,194286172.9
E07000116,Tunbridge Wells,2014,Half-Hourly,265,186003940.1
E07000117,Burnley,2014,Half-Hourly,221,136109716.9
E07000118,Chorley,2014,Half-Hourly,161,122217221.7
E07000119,Fylde,2014,Half-Hourly,156,174743451
E07000120,Hyndburn,2014,Half-Hourly,174,113750131.8
E07000121,Lancaster,2014,Half-Hourly,280,200027289.7
E07000122,Pendle,2014,Half-Hourly,188,184916670.6
E07000123,Preston,2014,Half-Hourly,382,277374092.3
E07000124,Ribble Valley,2014,Half-Hourly,129,277602136.6
E07000125,Rossendale,2014,Half-Hourly,126,174079743.7
E07000126,South Ribble,2014,Half-Hourly,255,227127684.7
E07000127,West Lancashire,2014,Half-Hourly,260,235834468.6
E07000128,Wyre,2014,Half-Hourly,191,224741903.2
E07000129,Blaby,2014,Half-Hourly,286,187085839.9
E07000130,Charnwood,2014,Half-Hourly,387,320663237.4
E07000131,Harborough,2014,Half-Hourly,230,145106166.9
E07000132,Hinckley and Bosworth,2014,Half-Hourly,237,174988806.4
E07000133,Melton,2014,Half-Hourly,132,142720638.4
E07000134,North West Leicestershire,2014,Half-Hourly,316,314297250.9
E07000135,Oadby and Wigston,2014,Half-Hourly,115,73485825.9
E07000136,Boston,2014,Half-Hourly,233,162162071.4
E07000137,East Lindsey,2014,Half-Hourly,418,244863188.1
E07000138,Lincoln,2014,Half-Hourly,261,188975249.9
E07000139,North Kesteven,2014,Half-Hourly,237,220191718.7
E07000140,South Holland,2014,Half-Hourly,274,307826425.9
E07000141,South Kesteven,2014,Half-Hourly,323,288787585.7
E07000142,West Lindsey,2014,Half-Hourly,233,162046577.2
E07000143,Breckland,2014,Half-Hourly,390,263239688.8
E07000144,Broadland,2014,Half-Hourly,261,166829534.5
E07000145,Great Yarmouth,2014,Half-Hourly,261,109943883.6
E07000146,King's Lynn and West Norfolk,2014,Half-Hourly,400,639592169
E07000147,North Norfolk,2014,Half-Hourly,293,176399965.2
E07000148,Norwich,2014,Half-Hourly,365,285052755
E07000149,South Norfolk,2014,Half-Hourly,233,186094501.1
E07000150,Corby,2014,Half-Hourly,324,307115736
E07000151,Daventry,2014,Half-Hourly,262,198903165.9
E07000152,East Northamptonshire,2014,Half-Hourly,176,132855812.8
E07000153,Kettering,2014,Half-Hourly,234,173973896.4
E07000154,Northampton,2014,Half-Hourly,605,432401677.1
E07000155,South Northamptonshire,2014,Half-Hourly,172,154144427.3
E07000156,Wellingborough,2014,Half-Hourly,250,183270386.9
E07000163,Craven,2014,Half-Hourly,130,78141516.6
E07000164,Hambleton,2014,Half-Hourly,190,187405189.3
E07000165,Harrogate,2014,Half-Hourly,349,344778243.8
E07000166,Richmondshire,2014,Half-Hourly,108,69035918.6
E07000167,Ryedale,2014,Half-Hourly,107,132306292.9
E07000168,Scarborough,2014,Half-Hourly,242,196790655
E07000169,Selby,2014,Half-Hourly,216,315830178
E07000170,Ashfield,2014,Half-Hourly,332,322811409.2
E07000171,Bassetlaw,2014,Half-Hourly,328,282390843.2
E07000172,Broxtowe,2014,Half-Hourly,196,105658043.7
E07000173,Gedling,2014,Half-Hourly,191,93523543.4
E07000174,Mansfield,2014,Half-Hourly,238,164054999.2
E07000175,Newark and Sherwood,2014,Half-Hourly,322,296716321.4
E07000176,Rushcliffe,2014,Half-Hourly,173,162456642.7
E07000177,Cherwell,2014,Half-Hourly,363,338486922.1
E07000178,Oxford,2014,Half-Hourly,443,514216259.7
E07000179,South Oxfordshire,2014,Half-Hourly,260,358485236.7
E07000180,Vale of White Horse,2014,Half-Hourly,379,396077538.7
E07000181,West Oxfordshire,2014,Half-Hourly,190,193711420.2
E07000187,Mendip,2014,Half-Hourly,261,226484749.6
E07000188,Sedgemoor,2014,Half-Hourly,281,267529777.2
E07000189,South Somerset,2014,Half-Hourly,313,263573383.9
E07000192,Cannock Chase,2014,Half-Hourly,217,136040748.8
E07000193,East Staffordshire,2014,Half-Hourly,342,379141972.5
E07000194,Lichfield,2014,Half-Hourly,267,179523231.3
E07000195,Newcastle-under-Lyme,2014,Half-Hourly,211,201983980.2
E07000196,South Staffordshire,2014,Half-Hourly,191,172275352.5
E07000197,Stafford,2014,Half-Hourly,318,235921427.5
E07000198,Staffordshire Moorlands,2014,Half-Hourly,174,265105371.6
E07000199,Tamworth,2014,Half-Hourly,227,150509050.2
E07000200,Babergh,2014,Half-Hourly,184,154294927
E07000202,Ipswich,2014,Half-Hourly,332,186071791.6
E07000203,Mid Suffolk,2014,Half-Hourly,197,186887090.9
E07000207,Elmbridge,2014,Half-Hourly,272,168327122.9
E07000208,Epsom and Ewell,2014,Half-Hourly,115,55939555.5
E07000209,Guildford,2014,Half-Hourly,337,237765224.3
E07000210,Mole Valley,2014,Half-Hourly,185,173740697.9
E07000211,Reigate and Banstead,2014,Half-Hourly,223,254977244.9
E07000212,Runnymede,2014,Half-Hourly,229,191121968.7
E07000213,Spelthorne,2014,Half-Hourly,215,144290898
E07000214,Surrey Heath,2014,Half-Hourly,222,183401100.8
E07000215,Tandridge,2014,Half-Hourly,114,73184124.7
E07000216,Waverley,2014,Half-Hourly,185,84623062.9
E07000217,Woking,2014,Half-Hourly,209,336229439.8
E07000218,North Warwickshire,2014,Half-Hourly,265,348928863.2
E07000219,Nuneaton and Bedworth,2014,Half-Hourly,265,157491617.1
E07000220,Rugby,2014,Half-Hourly,277,420474869.3
E07000221,Stratford-on-Avon,2014,Half-Hourly,357,247791432.9
E07000222,Warwick,2014,Half-Hourly,397,282266177.3
E07000223,Adur,2014,Half-Hourly,97,45024054.9
E07000224,Arun,2014,Half-Hourly,224,119753864.7
E07000225,Chichester,2014,Half-Hourly,269,192228378
E07000226,Crawley,2014,Half-Hourly,357,386212013.4
E07000227,Horsham,2014,Half-Hourly,257,153673226
E07000228,Mid Sussex,2014,Half-Hourly,267,148441480.7
E07000229,Worthing,2014,Half-Hourly,161,120294633.6
E07000234,Bromsgrove,2014,Half-Hourly,162,84422493
E07000235,Malvern Hills,2014,Half-Hourly,148,72943522.9
E07000236,Redditch,2014,Half-Hourly,265,173193972.2
E07000237,Worcester,2014,Half-Hourly,240,193167932.9
E07000238,Wychavon,2014,Half-Hourly,351,289765342.4
E07000239,Wyre Forest,2014,Half-Hourly,245,137036862.9
E07000240,St Albans,2014,Half-Hourly,263,145001426.7
E07000241,Welwyn Hatfield,2014,Half-Hourly,330,369993105.2
E07000242,East Hertfordshire,2014,Half-Hourly,263,162738384.4
E07000243,Stevenage,2014,Half-Hourly,206,235823909.1
E07000244,East Suffolk,2014,Half-Hourly,517,480101022.9
E07000245,West Suffolk,2014,Half-Hourly,532,478266021.2
E07000246,Somerset West and Taunton,2014,Half-Hourly,274,245357129.9
E08000001,Bolton,2014,Half-Hourly,556,378564375.1
E08000002,Bury,2014,Half-Hourly,313,242724114.4
E08000003,Manchester,2014,Half-Hourly,1568,1406390751
E08000004,Oldham,2014,Half-Hourly,434,306463818
E08000005,Rochdale,2014,Half-Hourly,448,378971576.4
E08000006,Salford,2014,Half-Hourly,608,456972997.3
E08000007,Stockport,2014,Half-Hourly,537,380983833.7
E08000008,Tameside,2014,Half-Hourly,446,314123071.1
E08000009,Trafford,2014,Half-Hourly,686,793227314.5
E08000010,Wigan,2014,Half-Hourly,527,479367165.8
E08000011,Knowsley,2014,Half-Hourly,251,460624007.1
E08000012,Liverpool,2014,Half-Hourly,946,866193789.2
E08000013,St. Helens,2014,Half-Hourly,307,366872635.2
E08000014,Sefton,2014,Half-Hourly,348,328873465.1
E08000015,Wirral,2014,Half-Hourly,361,366353477.2
E08000016,Barnsley,2014,Half-Hourly,453,426199729.9
E08000017,Doncaster,2014,Half-Hourly,656,669928484.3
E08000018,Rotherham,2014,Half-Hourly,625,512140163.5
E08000019,Sheffield,2014,Half-Hourly,1436,1284009026
E08000021,Newcastle upon Tyne,2014,Half-Hourly,763,606519095.3
E08000022,North Tyneside,2014,Half-Hourly,394,325498992.2
E08000023,South Tyneside,2014,Half-Hourly,235,144492316.4
E08000024,Sunderland,2014,Half-Hourly,554,675206511.3
E08000025,Birmingham,2014,Half-Hourly,2700,1890155436
E08000026,Coventry,2014,Half-Hourly,774,608965390.7
E08000027,Dudley,2014,Half-Hourly,692,375147739.6
E08000028,Sandwell,2014,Half-Hourly,910,676680143
E08000029,Solihull,2014,Half-Hourly,484,494870435.5
E08000030,Walsall,2014,Half-Hourly,623,403952083.7
E08000031,Wolverhampton,2014,Half-Hourly,596,431967725.7
E08000032,Bradford,2014,Half-Hourly,1085,738333874.6
E08000033,Calderdale,2014,Half-Hourly,505,356970819
E08000034,Kirklees,2014,Half-Hourly,963,593029312.6
E08000035,Leeds,2014,Half-Hourly,1995,1542207961
E08000036,Wakefield,2014,Half-Hourly,802,903064814.2
E08000037,Gateshead,2014,Half-Hourly,565,441053168.6
E09000001,City of London,2014,Half-Hourly,1973,2102445685
E09000002,Barking and Dagenham,2014,Half-Hourly,313,280966561.6
E09000003,Barnet,2014,Half-Hourly,453,283433563.3
E09000004,Bexley,2014,Half-Hourly,356,291998157.2
E09000005,Brent,2014,Half-Hourly,555,456888711.1
E09000006,Bromley,2014,Half-Hourly,439,240942495.6
E09000007,Camden,2014,Half-Hourly,1418,958888294.1
E09000008,Croydon,2014,Half-Hourly,575,429969948.1
E09000009,Ealing,2014,Half-Hourly,691,676404206.3
E09000010,Enfield,2014,Half-Hourly,464,348687549.7
E09000011,Greenwich,2014,Half-Hourly,551,287823417.4
E09000012,Hackney,2014,Half-Hourly,396,320448842.1
E09000013,Hammersmith and Fulham,2014,Half-Hourly,577,495264605.9
E09000014,Haringey,2014,Half-Hourly,311,235215027
E09000015,Harrow,2014,Half-Hourly,237,122562144.1
E09000016,Havering,2014,Half-Hourly,354,249947438.8
E09000017,Hillingdon,2014,Half-Hourly,750,903066470.3
E09000018,Hounslow,2014,Half-Hourly,666,788403585.2
E09000019,Islington,2014,Half-Hourly,842,635925169.5
E09000020,Kensington and Chelsea,2014,Half-Hourly,635,816907138
E09000021,Kingston upon Thames,2014,Half-Hourly,357,201398805.7
E09000022,Lambeth,2014,Half-Hourly,586,442096906.7
E09000023,Lewisham,2014,Half-Hourly,350,172418635.7
E09000024,Merton,2014,Half-Hourly,405,331727421.4
E09000025,Newham,2014,Half-Hourly,744,887606192.8
E09000026,Redbridge,2014,Half-Hourly,309,128373797.1
E09000027,Richmond upon Thames,2014,Half-Hourly,278,203263581.5
E09000028,Southwark,2014,Half-Hourly,933,899096427.2
E09000029,Sutton,2014,Half-Hourly,269,261026127.5
E09000030,Tower Hamlets,2014,Half-Hourly,2273,2000033657
E09000031,Waltham Forest,2014,Half-Hourly,337,200019576.7
E09000032,Wandsworth,2014,Half-Hourly,554,244986486.8
E09000033,Westminster,2014,Half-Hourly,3771,2407468115
S12000005,Clackmannanshire,2014,Half-Hourly,69,90133442.6
S12000006,Dumfries and Galloway,2014,Half-Hourly,325,329928030.1
S12000008,East Ayrshire,2014,Half-Hourly,169,153122511.2
S12000010,East Lothian,2014,Half-Hourly,140,200197377.1
S12000011,East Renfrewshire,2014,Half-Hourly,65,28590620.2
S12000013,Na h-Eileanan Siar,2014,Half-Hourly,84,30786879.3
S12000014,Falkirk,2014,Half-Hourly,243,272167384.9
S12000017,Highland,2014,Half-Hourly,790,594631183.4
S12000018,Inverclyde,2014,Half-Hourly,110,116034770.6
S12000019,Midlothian,2014,Half-Hourly,154,139538886.2
S12000020,Moray,2014,Half-Hourly,240,236073941.3
S12000021,North Ayrshire,2014,Half-Hourly,206,345135684
S12000023,Orkney Islands,2014,Half-Hourly,87,26468007.3
S12000026,Scottish Borders,2014,Half-Hourly,225,144192218.5
S12000027,Shetland Islands,2014,Half-Hourly,78,58589506.4
S12000028,South Ayrshire,2014,Half-Hourly,189,172631725.9
S12000029,South Lanarkshire,2014,Half-Hourly,556,360256848.6
S12000030,Stirling,2014,Half-Hourly,176,165261463.3
S12000033,Aberdeen City,2014,Half-Hourly,879,569100315
S12000034,Aberdeenshire,2014,Half-Hourly,773,444504400.7
S12000035,Argyll and Bute,2014,Half-Hourly,290,111732515.4
S12000036,City of Edinburgh,2014,Half-Hourly,982,927261377.4
S12000038,Renfrewshire,2014,Half-Hourly,309,264536575.7
S12000039,West Dunbartonshire,2014,Half-Hourly,122,126408320.4
S12000040,West Lothian,2014,Half-Hourly,369,409465765.4
S12000041,Angus,2014,Half-Hourly,338,179163092.9
S12000042,Dundee City,2014,Half-Hourly,427,293164367.8
S12000045,East Dunbartonshire,2014,Half-Hourly,78,99677399.9
S12000047,Fife,2014,Half-Hourly,693,616576967
S12000048,Perth and Kinross,2014,Half-Hourly,459,329550787.5
S12000049,Glasgow City,2014,Half-Hourly,1227,1132039871
S12000050,North Lanarkshire,2014,Half-Hourly,559,557886341
W06000001,Isle of Anglesey,2014,Half-Hourly,152,106001202.4
W06000002,Gwynedd,2014,Half-Hourly,349,164763432.1
W06000003,Conwy,2014,Half-Hourly,224,96104370.7
W06000004,Denbighshire,2014,Half-Hourly,209,127822013.1
W06000005,Flintshire,2014,Half-Hourly,329,675759221.5
W06000006,Wrexham,2014,Half-Hourly,311,644055829
W06000008,Ceredigion,2014,Half-Hourly,183,116484211
W06000009,Pembrokeshire,2014,Half-Hourly,287,657422456.4
W06000010,Carmarthenshire,2014,Half-Hourly,417,422538703
W06000011,Swansea,2014,Half-Hourly,494,413494719.6
W06000012,Neath Port Talbot,2014,Half-Hourly,274,1187956075
W06000013,Bridgend,2014,Half-Hourly,258,330473792.5
W06000014,Vale of Glamorgan,2014,Half-Hourly,184,246132734.8
W06000015,Cardiff,2014,Half-Hourly,848,816145245.5
W06000016,Rhondda Cynon Taf,2014,Half-Hourly,406,309761995.4
W06000018,Caerphilly,2014,Half-Hourly,358,307529873.1
W06000019,Blaenau Gwent,2014,Half-Hourly,140,126441105.6
W06000020,Torfaen,2014,Half-Hourly,194,223920915.6
W06000021,Monmouthshire,2014,Half-Hourly,177,159294466
W06000022,Newport,2014,Half-Hourly,361,549240827.6
W06000023,Powys,2014,Half-Hourly,339,162628924.4
W06000024,Merthyr Tydfil,2014,Half-Hourly,127,87970665.7
E06000001,Hartlepool,2015,Half-Hourly,164,255016617.6
E06000002,Middlesbrough,2015,Half-Hourly,258,193229250.8054795
E06000003,Redcar and Cleveland,2015,Half-Hourly,179,773325755.458904
E06000004,Stockton-on-Tees,2015,Half-Hourly,393,943631999.4000001
E06000005,Darlington,2015,Half-Hourly,174,175158273.3175342
E06000006,Halton,2015,Half-Hourly,267,415185837.2049316
E06000007,Warrington,2015,Half-Hourly,420,428452071.1676307
E06000008,Blackburn with Darwen,2015,Half-Hourly,328,293092544.2
E06000009,Blackpool,2015,Half-Hourly,272,187790050.3
E06000010,"Kingston upon Hull, City of",2015,Half-Hourly,574,539769995.6262035
E06000011,East Riding of Yorkshire,2015,Half-Hourly,726,744154024.4046575
E06000012,North East Lincolnshire,2015,Half-Hourly,315,477460919.3000001
E06000013,North Lincolnshire,2015,Half-Hourly,406,837947939.4200001
E06000014,York,2015,Half-Hourly,412,274935987.1
E06000015,Derby,2015,Half-Hourly,529,511830270.9
E06000016,Leicester,2015,Half-Hourly,835,672903802.8630135
E06000017,Rutland,2015,Half-Hourly,73,236315098.8
E06000018,Nottingham,2015,Half-Hourly,806,586193174.7956166
E06000019,"Herefordshire, County of",2015,Half-Hourly,428,429706557.1991781
E06000020,Telford and Wrekin,2015,Half-Hourly,451,519008163.3698631
E06000021,Stoke-on-Trent,2015,Half-Hourly,548,435616308.861096
E06000022,Bath and North East Somerset,2015,Half-Hourly,330,199144635.1015272
E06000023,"Bristol, City of",2015,Half-Hourly,912,787526519.0399996
E06000024,North Somerset,2015,Half-Hourly,309,247860947.5093151
E06000025,South Gloucestershire,2015,Half-Hourly,541,616811005.1
E06000026,Plymouth,2015,Half-Hourly,399,455712904.3
E06000027,Torbay,2015,Half-Hourly,208,112942958.9
E06000030,Swindon,2015,Half-Hourly,470,593521560.4912329
E06000031,Peterborough,2015,Half-Hourly,466,467159347.6323287
E06000032,Luton,2015,Half-Hourly,333,314446581.5345206
E06000033,Southend-on-Sea,2015,Half-Hourly,255,183025256.1
E06000034,Thurrock,2015,Half-Hourly,356,566026191.5171232
E06000035,Medway,2015,Half-Hourly,367,281040174.3238357
E06000036,Bracknell Forest,2015,Half-Hourly,239,267541542.6
E06000037,West Berkshire,2015,Half-Hourly,400,424478526.6816437
E06000038,Reading,2015,Half-Hourly,419,353007520.1505086
E06000039,Slough,2015,Half-Hourly,401,777956363.5999999
E06000040,Windsor and Maidenhead,2015,Half-Hourly,373,292936436.1999512
E06000041,Wokingham,2015,Half-Hourly,273,300992520.4
E06000042,Milton Keynes,2015,Half-Hourly,886,850492381.783562
E06000043,Brighton and Hove,2015,Half-Hourly,415,294058994.8000001
E06000044,Portsmouth,2015,Half-Hourly,382,484155989.3361643
E06000045,Southampton,2015,Half-Hourly,406,356290838.1
E06000046,Isle of Wight,2015,Half-Hourly,278,161735297.7443835
E06000047,County Durham,2015,Half-Hourly,920,860145102.3408221
E06000049,Cheshire East,2015,Half-Hourly,647,747751379.4000002
E06000050,Cheshire West and Chester,2015,Half-Hourly,631,1444278723.5
E06000051,Shropshire,2015,Half-Hourly,630,604582374.2999997
E06000052,Cornwall,2015,Half-Hourly,1228,851430988.39375
E06000053,Isles of Scilly,2015,Half-Hourly,8,2316413.9
E06000054,Wiltshire,2015,Half-Hourly,862,796997206.8846616
E06000055,Bedford,2015,Half-Hourly,337,300819985.9999999
E06000056,Central Bedfordshire,2015,Half-Hourly,450,406478937.6304108
E06000057,Northumberland,2015,Half-Hourly,519,706320786.7863014
E06000058,"Bournemouth, Christchurch and Poole",2015,Half-Hourly,715,598493098.0021918
E06000059,Dorset,2015,Half-Hourly,690,549476346.6553423
E06000060,Buckinghamshire,2015,Half-Hourly,952,643609900.3904111
E06000061,North Northamptonshire,2015,Half-Hourly,818,798412749.6000003
E06000062,West Northamptonshire,2015,Half-Hourly,913,787379533.3590666
E06000063,Cumberland,2015,Half-Hourly,562,539119017.1992186
E06000064,Westmorland and Furness,2015,Half-Hourly,492,696185976.098904
E06000065,North Yorkshire,2015,Half-Hourly,1166,1372068112.9
E06000066,Somerset,2015,Half-Hourly,1038,997413082.5884933
E07000008,Cambridge,2015,Half-Hourly,456,427282550.9
E07000009,East Cambridgeshire,2015,Half-Hourly,170,152907886.6
E07000010,Fenland,2015,Half-Hourly,239,253022010.4287671
E07000011,Huntingdonshire,2015,Half-Hourly,366,409972695.0717808
E07000012,South Cambridgeshire,2015,Half-Hourly,376,376746354.1999999
E07000032,Amber Valley,2015,Half-Hourly,265,293441966.9186301
E07000033,Bolsover,2015,Half-Hourly,155,193590244
E07000034,Chesterfield,2015,Half-Hourly,256,167832825.4931507
E07000035,Derbyshire Dales,2015,Half-Hourly,152,177476663.1
E07000036,Erewash,2015,Half-Hourly,185,151277213.5
E07000037,High Peak,2015,Half-Hourly,186,532123458.5000001
E07000038,North East Derbyshire,2015,Half-Hourly,146,198102099.3657534
E07000039,South Derbyshire,2015,Half-Hourly,180,308445722.7309589
E07000040,East Devon,2015,Half-Hourly,239,112230030.3
E07000041,Exeter,2015,Half-Hourly,294,281035522.4999999
E07000042,Mid Devon,2015,Half-Hourly,160,112023914.8539726
E07000043,North Devon,2015,Half-Hourly,213,162954370.8136987
E07000044,South Hams,2015,Half-Hourly,212,150289060.6013699
E07000045,Teignbridge,2015,Half-Hourly,237,141408332.1
E07000046,Torridge,2015,Half-Hourly,142,55078210.98054794
E07000047,West Devon,2015,Half-Hourly,101,82404337.15561643
E07000061,Eastbourne,2015,Half-Hourly,157,118321955.6506849
E07000062,Hastings,2015,Half-Hourly,128,88116034.10767125
E07000063,Lewes,2015,Half-Hourly,145,83070864.80000001
E07000064,Rother,2015,Half-Hourly,117,84876650.7
E07000065,Wealden,2015,Half-Hourly,208,94293104.39999998
E07000066,Basildon,2015,Half-Hourly,296,314534379.2282192
E07000067,Braintree,2015,Half-Hourly,253,190572856.9221918
E07000068,Brentwood,2015,Half-Hourly,123,82206897.46000001
E07000069,Castle Point,2015,Half-Hourly,86,42938397.6
E07000070,Chelmsford,2015,Half-Hourly,326,272162102.0000001
E07000071,Colchester,2015,Half-Hourly,335,242047087.4
E07000072,Epping Forest,2015,Half-Hourly,174,103578490.9
E07000073,Harlow,2015,Half-Hourly,203,169703773.2038356
E07000074,Maldon,2015,Half-Hourly,96,82521245.596875
E07000075,Rochford,2015,Half-Hourly,92,77999750.10000001
E07000076,Tendring,2015,Half-Hourly,209,134283164.4
E07000077,Uttlesford,2015,Half-Hourly,117,147620541.2
E07000078,Cheltenham,2015,Half-Hourly,219,239977818.5000001
E07000079,Cotswold,2015,Half-Hourly,194,91078185.2
E07000080,Forest of Dean,2015,Half-Hourly,140,189699028.5
E07000081,Gloucester,2015,Half-Hourly,298,276821831.7
E07000082,Stroud,2015,Half-Hourly,222,231402490.5
E07000083,Tewkesbury,2015,Half-Hourly,218,279247791.6126027
E07000084,Basingstoke and Deane,2015,Half-Hourly,383,403860432.6588553
E07000085,East Hampshire,2015,Half-Hourly,205,124802599.1
E07000086,Eastleigh,2015,Half-Hourly,233,233685498.97863
E07000087,Fareham,2015,Half-Hourly,169,168743361.2980822
E07000088,Gosport,2015,Half-Hourly,103,110680948.5
E07000089,Hart,2015,Half-Hourly,181,120145351.7468493
E07000090,Havant,2015,Half-Hourly,158,145491071.1
E07000091,New Forest,2015,Half-Hourly,296,278789465.7767123
E07000092,Rushmoor,2015,Half-Hourly,221,193386126.5
E07000093,Test Valley,2015,Half-Hourly,280,216477564.0999999
E07000094,Winchester,2015,Half-Hourly,266,259098351.7
E07000095,Broxbourne,2015,Half-Hourly,169,197651627.4
E07000096,Dacorum,2015,Half-Hourly,276,245214085.5
E07000098,Hertsmere,2015,Half-Hourly,223,207554959.4
E07000099,North Hertfordshire,2015,Half-Hourly,212,171374006.2510756
E07000102,Three Rivers,2015,Half-Hourly,122,116667055.3
E07000103,Watford,2015,Half-Hourly,231,257167791.8
E07000105,Ashford,2015,Half-Hourly,229,170465445.8
E07000106,Canterbury,2015,Half-Hourly,280,213128219.1764384
E07000107,Dartford,2015,Half-Hourly,274,186865027.5
E07000108,Dover,2015,Half-Hourly,164,173451670.4
E07000109,Gravesham,2015,Half-Hourly,120,238558760.5
E07000110,Maidstone,2015,Half-Hourly,301,252175085.2
E07000111,Sevenoaks,2015,Half-Hourly,175,119184121.1969863
E07000112,Folkestone and Hythe,2015,Half-Hourly,172,168343005.4906849
E07000113,Swale,2015,Half-Hourly,268,308866399
E07000114,Thanet,2015,Half-Hourly,224,203387367.4079452
E07000115,Tonbridge and Malling,2015,Half-Hourly,244,229247391.730137
E07000116,Tunbridge Wells,2015,Half-Hourly,230,187398788.4984375
E07000117,Burnley,2015,Half-Hourly,190,138295588.2
E07000118,Chorley,2015,Half-Hourly,139,126049756.6
E07000119,Fylde,2015,Half-Hourly,132,151690717
E07000120,Hyndburn,2015,Half-Hourly,151,126220476.7
E07000121,Lancaster,2015,Half-Hourly,249,195541003.8808219
E07000122,Pendle,2015,Half-Hourly,155,165584945.8999512
E07000123,Preston,2015,Half-Hourly,320,271445953.3
E07000124,Ribble Valley,2015,Half-Hourly,104,277094008.7
E07000125,Rossendale,2015,Half-Hourly,109,166612482.3
E07000126,South Ribble,2015,Half-Hourly,207,230781952.1
E07000127,West Lancashire,2015,Half-Hourly,225,247252572
E07000128,Wyre,2015,Half-Hourly,168,251422220.8156164
E07000129,Blaby,2015,Half-Hourly,237,188465096.0999999
E07000130,Charnwood,2015,Half-Hourly,335,325518939.3
E07000131,Harborough,2015,Half-Hourly,196,133195598.1
E07000132,Hinckley and Bosworth,2015,Half-Hourly,197,175659217.1575343
E07000133,Melton,2015,Half-Hourly,112,146176134.069863
E07000134,North West Leicestershire,2015,Half-Hourly,278,307843788.2
E07000135,Oadby and Wigston,2015,Half-Hourly,103,71239476.10000001
E07000136,Boston,2015,Half-Hourly,184,154835470
E07000137,East Lindsey,2015,Half-Hourly,365,259419314.0219178
E07000138,Lincoln,2015,Half-Hourly,224,191581496.9389041
E07000139,North Kesteven,2015,Half-Hourly,208,200451221
E07000140,South Holland,2015,Half-Hourly,229,254487099.3191781
E07000141,South Kesteven,2015,Half-Hourly,277,273048059.4526026
E07000142,West Lindsey,2015,Half-Hourly,201,149392449.9
E07000143,Breckland,2015,Half-Hourly,339,218442792.2
E07000144,Broadland,2015,Half-Hourly,211,169011834.2
E07000145,Great Yarmouth,2015,Half-Hourly,242,109583722.2
E07000146,King's Lynn and West Norfolk,2015,Half-Hourly,356,636986060.1917808
E07000147,North Norfolk,2015,Half-Hourly,261,155636017.3
E07000148,Norwich,2015,Half-Hourly,322,273687585.9999999
E07000149,South Norfolk,2015,Half-Hourly,202,188010534.5
E07000170,Ashfield,2015,Half-Hourly,271,321638014.1
E07000171,Bassetlaw,2015,Half-Hourly,285,277412951.8150685
E07000172,Broxtowe,2015,Half-Hourly,172,105559313.0317808
E07000173,Gedling,2015,Half-Hourly,168,91857291.30000001
E07000174,Mansfield,2015,Half-Hourly,202,165521494.4
E07000175,Newark and Sherwood,2015,Half-Hourly,282,265338156.7
E07000176,Rushcliffe,2015,Half-Hourly,152,148703996
E07000177,Cherwell,2015,Half-Hourly,346,334235991.7
E07000178,Oxford,2015,Half-Hourly,413,514364955.4
E07000179,South Oxfordshire,2015,Half-Hourly,243,362406918.5682192
E07000180,Vale of White Horse,2015,Half-Hourly,320,397213982.3917808
E07000181,West Oxfordshire,2015,Half-Hourly,186,196604900.1419605
E07000192,Cannock Chase,2015,Half-Hourly,188,136588745.8876712
E07000193,East Staffordshire,2015,Half-Hourly,304,373310760.8843836
E07000194,Lichfield,2015,Half-Hourly,210,173948286.9
E07000195,Newcastle-under-Lyme,2015,Half-Hourly,189,211606911.4
E07000196,South Staffordshire,2015,Half-Hourly,172,186881392.6
E07000197,Stafford,2015,Half-Hourly,287,269805117.6
E07000198,Staffordshire Moorlands,2015,Half-Hourly,159,264013480.6
E07000199,Tamworth,2015,Half-Hourly,194,152503465.6015625
E07000200,Babergh,2015,Half-Hourly,164,147764792.7953424
E07000202,Ipswich,2015,Half-Hourly,281,179682024.9
E07000203,Mid Suffolk,2015,Half-Hourly,165,179478795.5
E07000207,Elmbridge,2015,Half-Hourly,252,164512062.4992188
E07000208,Epsom and Ewell,2015,Half-Hourly,103,57906187.3
E07000209,Guildford,2015,Half-Hourly,297,230694863.5
E07000210,Mole Valley,2015,Half-Hourly,156,179534450.6
E07000211,Reigate and Banstead,2015,Half-Hourly,198,255197924.9
E07000212,Runnymede,2015,Half-Hourly,200,189832913.8
E07000213,Spelthorne,2015,Half-Hourly,202,140604158.7
E07000214,Surrey Heath,2015,Half-Hourly,191,171155993.7
E07000215,Tandridge,2015,Half-Hourly,100,72116472.1
E07000216,Waverley,2015,Half-Hourly,158,83101176.99999997
E07000217,Woking,2015,Half-Hourly,183,347277740.1
E07000218,North Warwickshire,2015,Half-Hourly,219,356212807.300586
E07000219,Nuneaton and Bedworth,2015,Half-Hourly,227,152846530.5907962
E07000220,Rugby,2015,Half-Hourly,251,384884484.6279453
E07000221,Stratford-on-Avon,2015,Half-Hourly,311,237523615.8
E07000222,Warwick,2015,Half-Hourly,343,295226884.2
E07000223,Adur,2015,Half-Hourly,93,92757920.50000001
E07000224,Arun,2015,Half-Hourly,204,116645268.4
E07000225,Chichester,2015,Half-Hourly,254,204671903.5
E07000226,Crawley,2015,Half-Hourly,299,382019970.9652054
E07000227,Horsham,2015,Half-Hourly,224,151337561.9
E07000228,Mid Sussex,2015,Half-Hourly,234,145327019.3
E07000229,Worthing,2015,Half-Hourly,150,119650926.7
E07000234,Bromsgrove,2015,Half-Hourly,150,95362603.30000001
E07000235,Malvern Hills,2015,Half-Hourly,134,83091189.19999999
E07000236,Redditch,2015,Half-Hourly,220,171921859.2
E07000237,Worcester,2015,Half-Hourly,215,195416550.3
E07000238,Wychavon,2015,Half-Hourly,301,307538494.2
E07000239,Wyre Forest,2015,Half-Hourly,207,144413285.3
E07000240,St Albans,2015,Half-Hourly,241,138405544.5
E07000241,Welwyn Hatfield,2015,Half-Hourly,269,371626391.1432877
E07000242,East Hertfordshire,2015,Half-Hourly,232,133808672.2930993
E07000243,Stevenage,2015,Half-Hourly,179,213674802.5
E07000244,East Suffolk,2015,Half-Hourly,434,451107788.4
E07000245,West Suffolk,2015,Half-Hourly,471,434759120.6528767
E08000001,Bolton,2015,Half-Hourly,463,371568374.0567124
E08000002,Bury,2015,Half-Hourly,272,244006386.699994
E08000003,Manchester,2015,Half-Hourly,1355,1442711682.226575
E08000004,Oldham,2015,Half-Hourly,369,321239826.1082192
E08000005,Rochdale,2015,Half-Hourly,389,374508309.1000001
E08000006,Salford,2015,Half-Hourly,536,457862858.4865755
E08000007,Stockport,2015,Half-Hourly,452,375165531.4000002
E08000008,Tameside,2015,Half-Hourly,374,310996595.9328767
E08000009,Trafford,2015,Half-Hourly,569,805148878.5586303
E08000010,Wigan,2015,Half-Hourly,458,485010684.7000002
E08000011,Knowsley,2015,Half-Hourly,209,434754911.1
E08000012,Liverpool,2015,Half-Hourly,865,884669055.1391777
E08000013,St. Helens,2015,Half-Hourly,263,369350727.9999999
E08000014,Sefton,2015,Half-Hourly,309,327461374.3
E08000015,Wirral,2015,Half-Hourly,340,366323576.4015625
E08000017,Doncaster,2015,Half-Hourly,575,646079192.4347945
E08000018,Rotherham,2015,Half-Hourly,517,507369697.2764382
E08000021,Newcastle upon Tyne,2015,Half-Hourly,667,570707319.0416952
E08000022,North Tyneside,2015,Half-Hourly,346,352634088.1
E08000023,South Tyneside,2015,Half-Hourly,199,148024696.1
E08000024,Sunderland,2015,Half-Hourly,492,661247139.3000001
E08000025,Birmingham,2015,Half-Hourly,2291,1954766501.843513
E08000026,Coventry,2015,Half-Hourly,651,625830628.9992192
E08000027,Dudley,2015,Half-Hourly,580,396911157.2334247
E08000028,Sandwell,2015,Half-Hourly,745,696655844.5109587
E08000029,Solihull,2015,Half-Hourly,455,530483615.0999999
E08000030,Walsall,2015,Half-Hourly,513,381464484.260274
E08000031,Wolverhampton,2015,Half-Hourly,525,440686663.2465754
E08000032,Bradford,2015,Half-Hourly,881,759956875.2783102
E08000033,Calderdale,2015,Half-Hourly,394,357167437.519452
E08000034,Kirklees,2015,Half-Hourly,752,630986655.734241
E08000035,Leeds,2015,Half-Hourly,1732,1561453667.375616
E08000036,Wakefield,2015,Half-Hourly,688,929685208.6999999
E08000037,Gateshead,2015,Half-Hourly,470,436535414.1000001
E08000038,Barnsley,2015,Half-Hourly,374,432821174.119726
E08000039,Sheffield,2015,Half-Hourly,1161,1157735804.74822
E09000001,City of London,2015,Half-Hourly,1584,2063250175.675387
E09000002,Barking and Dagenham,2015,Half-Hourly,282,265118554.1178083
E09000003,Barnet,2015,Half-Hourly,429,289740639.317971
E09000004,Bexley,2015,Half-Hourly,316,280960786.703125
E09000005,Brent,2015,Half-Hourly,480,377880509.5031251
E09000006,Bromley,2015,Half-Hourly,388,238438507.3742465
E09000007,Camden,2015,Half-Hourly,1172,959859061.2205476
E09000008,Croydon,2015,Half-Hourly,506,430001303.9
E09000009,Ealing,2015,Half-Hourly,586,638186572.567172
E09000010,Enfield,2015,Half-Hourly,404,347468656
E09000011,Greenwich,2015,Half-Hourly,500,294224851.3854795
E09000012,Hackney,2015,Half-Hourly,358,322915067.180548
E09000013,Hammersmith and Fulham,2015,Half-Hourly,513,486204354.3000001
E09000014,Haringey,2015,Half-Hourly,292,244285366.2
E09000015,Harrow,2015,Half-Hourly,224,121747482.5
E09000016,Havering,2015,Half-Hourly,316,244612364.9
E09000017,Hillingdon,2015,Half-Hourly,640,1026774524.7
E09000018,Hounslow,2015,Half-Hourly,594,773915478.4999999
E09000019,Islington,2015,Half-Hourly,707,591673955.5999999
E09000020,Kensington and Chelsea,2015,Half-Hourly,569,873290412.1
E09000021,Kingston upon Thames,2015,Half-Hourly,314,214766711.6
E09000022,Lambeth,2015,Half-Hourly,505,440411124
E09000023,Lewisham,2015,Half-Hourly,322,170283394.1824657
E09000024,Merton,2015,Half-Hourly,353,332212873.1015624
E09000025,Newham,2015,Half-Hourly,598,899522726.6082193
E09000026,Redbridge,2015,Half-Hourly,269,132610929.4109589
E09000027,Richmond upon Thames,2015,Half-Hourly,255,198263752.2
E09000028,Southwark,2015,Half-Hourly,750,938716745.8999999
E09000029,Sutton,2015,Half-Hourly,218,267503696.3
E09000030,Tower Hamlets,2015,Half-Hourly,1871,2211491847.774952
E09000031,Waltham Forest,2015,Half-Hourly,286,203403484.9805479
E09000032,Wandsworth,2015,Half-Hourly,493,243647478.0484931
E09000033,Westminster,2015,Half-Hourly,3080,2410362868.288108
S12000005,Clackmannanshire,2015,Half-Hourly,71,187707159.01
S12000006,Dumfries and Galloway,2015,Half-Hourly,335,354609638.2822
S12000008,East Ayrshire,2015,Half-Hourly,176,168308785.5465754
S12000010,East Lothian,2015,Half-Hourly,145,201699163.3
S12000011,East Renfrewshire,2015,Half-Hourly,78,38752271.79999999
S12000013,Na h-Eileanan Siar,2015,Half-Hourly,77,30262151.1
S12000014,Falkirk,2015,Half-Hourly,262,326732279.1
S12000017,Highland,2015,Half-Hourly,768,593260601.4863012
S12000018,Inverclyde,2015,Half-Hourly,128,131789377.8
S12000019,Midlothian,2015,Half-Hourly,159,154806192.3
S12000020,Moray,2015,Half-Hourly,227,236265151.5424657
S12000021,North Ayrshire,2015,Half-Hourly,213,359500086.8
S12000023,Orkney Islands,2015,Half-Hourly,87,26833293.1
S12000026,Scottish Borders,2015,Half-Hourly,211,176295732.3780822
S12000027,Shetland Islands,2015,Half-Hourly,78,60948566.29999998
S12000028,South Ayrshire,2015,Half-Hourly,191,178173701.7
S12000029,South Lanarkshire,2015,Half-Hourly,581,389450796.1
S12000030,Stirling,2015,Half-Hourly,197,186389646.3322769
S12000033,Aberdeen City,2015,Half-Hourly,807,547955560.3000002
S12000034,Aberdeenshire,2015,Half-Hourly,740,417718102.2043836
S12000035,Argyll and Bute,2015,Half-Hourly,287,115465943.6
S12000036,City of Edinburgh,2015,Half-Hourly,1049,1089055618.21
S12000038,Renfrewshire,2015,Half-Hourly,359,368600761.9624658
S12000039,West Dunbartonshire,2015,Half-Hourly,133,133581713.4
S12000040,West Lothian,2015,Half-Hourly,357,432527239.9
S12000041,Angus,2015,Half-Hourly,301,176512627.7153425
S12000042,Dundee City,2015,Half-Hourly,378,291373187.6890411
S12000045,East Dunbartonshire,2015,Half-Hourly,88,105819740.9
S12000047,Fife,2015,Half-Hourly,692,691582471.6561645
S12000048,Perth and Kinross,2015,Half-Hourly,417,222981131.6246576
S12000049,Glasgow City,2015,Half-Hourly,1324,1353085503.723017
S12000050,North Lanarkshire,2015,Half-Hourly,558,572528765.2000002
W06000001,Isle of Anglesey / Ynys Môn,2015,Half-Hourly,146,99594644.6
W06000002,Gwynedd / Gwynedd,2015,Half-Hourly,329,170716742.3999999
W06000003,Conwy / Conwy,2015,Half-Hourly,213,97313729.9
W06000004,Denbighshire / Sir Ddinbych,2015,Half-Hourly,182,124707363.8857535
W06000005,Flintshire / Sir y Fflint,2015,Half-Hourly,311,678088648.2809603
W06000006,Wrexham / Wrecsam,2015,Half-Hourly,261,643784322.6000001
W06000008,Ceredigion / Ceredigion,2015,Half-Hourly,175,116339167.7
W06000009,Pembrokeshire / Sir Benfro,2015,Half-Hourly,280,675137613
W06000010,Carmarthenshire / Sir Gaerfyrddin,2015,Half-Hourly,389,412444893.8457534
W06000011,Swansea / Abertawe,2015,Half-Hourly,457,397989932.6
W06000012,Neath Port Talbot / Castell-nedd Port Talbot,2015,Half-Hourly,260,1113429447.097808
W06000013,Bridgend / Pen-y-bont ar Ogwr,2015,Half-Hourly,230,327513773
W06000014,Vale of Glamorgan / Bro Morgannwg,2015,Half-Hourly,173,257257376.2136986
W06000015,Cardiff / Caerdydd,2015,Half-Hourly,780,814666920.3027391
W06000016,Rhondda Cynon Taf / Rhondda Cynon Taf,2015,Half-Hourly,368,304698920.5904109
W06000018,Caerphilly / Caerffili,2015,Half-Hourly,305,298356312.2936987
W06000019,Blaenau Gwent / Blaenau Gwent,2015,Half-Hourly,119,115042201.6
W06000020,Torfaen / Torfaen,2015,Half-Hourly,171,223799370.4
W06000021,Monmouthshire / Sir Fynwy,2015,Half-Hourly,157,155587854
W06000022,Newport / Casnewydd,2015,Half-Hourly,325,541468630.1180823
W06000023,Powys / Powys,2015,Half-Hourly,318,166807782.8939726
W06000024,Merthyr Tydfil / Merthyr Tudful,2015,Half-Hourly,118,102106284
E06000001,Hartlepool,2016,Half-Hourly,416,256282509.5
E06000002,Middlesbrough,2016,Half-Hourly,656,206029141.1901639
E06000003,Redcar and Cleveland,2016,Half-Hourly,423,604265368.2174864
E06000004,Stockton-on-Tees,2016,Half-Hourly,921,912343474.4688524
E06000005,Darlington,2016,Half-Hourly,444,185218843.9
E06000006,Halton,2016,Half-Hourly,441,425262398.3
E06000007,Warrington,2016,Half-Hourly,739,446475010.1000001
E06000008,Blackburn with Darwen,2016,Half-Hourly,505,304306884.8040984
E06000009,Blackpool,2016,Half-Hourly,483,196690864.9000001
E06000010,"Kingston upon Hull, City of",2016,Half-Hourly,925,560977389.0213115
E06000011,East Riding of Yorkshire,2016,Half-Hourly,1192,776577168.324863
E06000012,North East Lincolnshire,2016,Half-Hourly,517,484749006.4327869
E06000013,North Lincolnshire,2016,Half-Hourly,645,818932730.985246
E06000014,York,2016,Half-Hourly,869,293693148.6000001
E06000015,Derby,2016,Half-Hourly,735,509058923.6999998
E06000016,Leicester,2016,Half-Hourly,1132,668649023.0940435
E06000017,Rutland,2016,Half-Hourly,114,229023644.8
E06000018,Nottingham,2016,Half-Hourly,1154,584662746.8631147
E06000019,"Herefordshire, County of",2016,Half-Hourly,849,454779636.7
E06000020,Telford and Wrekin,2016,Half-Hourly,749,526843978.2
E06000021,Stoke-on-Trent,2016,Half-Hourly,920,449456401.8000001
E06000022,Bath and North East Somerset,2016,Half-Hourly,595,211675523.3
E06000023,"Bristol, City of",2016,Half-Hourly,1845,826495444.4622948
E06000024,North Somerset,2016,Half-Hourly,586,267143980.5000001
E06000025,South Gloucestershire,2016,Half-Hourly,1012,602368014.8000001
E06000026,Plymouth,2016,Half-Hourly,770,391619107.6
E06000027,Torbay,2016,Half-Hourly,495,124855778.7775956
E06000030,Swindon,2016,Half-Hourly,744,608952868.3469945
E06000031,Peterborough,2016,Half-Hourly,723,478702448.0000002
E06000032,Luton,2016,Half-Hourly,568,322389497.3846995
E06000033,Southend-on-Sea,2016,Half-Hourly,400,194607802.7
E06000034,Thurrock,2016,Half-Hourly,552,603725312.5000001
E06000035,Medway,2016,Half-Hourly,592,292246585.4
E06000036,Bracknell Forest,2016,Half-Hourly,343,269303577.4
E06000037,West Berkshire,2016,Half-Hourly,616,428181168.1844263
E06000038,Reading,2016,Half-Hourly,647,371505032.9
E06000039,Slough,2016,Half-Hourly,643,840329376.8366119
E06000040,Windsor and Maidenhead,2016,Half-Hourly,579,299727038.6270492
E06000041,Wokingham,2016,Half-Hourly,419,295608968.6999999
E06000042,Milton Keynes,2016,Half-Hourly,1177,838422323.7262295
E06000043,Brighton and Hove,2016,Half-Hourly,750,296152229.7360656
E06000044,Portsmouth,2016,Half-Hourly,660,486018839.0000001
E06000045,Southampton,2016,Half-Hourly,704,355552039.8300545
E06000046,Isle of Wight,2016,Half-Hourly,433,174386987.6852459
E06000047,County Durham,2016,Half-Hourly,1985,880309581.069967
E06000049,Cheshire East,2016,Half-Hourly,1188,762487302.0222124
E06000050,Cheshire West and Chester,2016,Half-Hourly,1163,1427028700.613661
E06000051,Shropshire,2016,Half-Hourly,1224,608235100.5983607
E06000052,Cornwall,2016,Half-Hourly,2156,879774651.7218583
E06000053,Isles of Scilly,2016,Half-Hourly,11,2422082.5
E06000054,Wiltshire,2016,Half-Hourly,1439,837064793.2469941
E06000055,Bedford,2016,Half-Hourly,547,313983674.2999999
E06000056,Central Bedfordshire,2016,Half-Hourly,731,434682037.2
E06000057,Northumberland,2016,Half-Hourly,1317,712522071.3071039
E06000058,"Bournemouth, Christchurch and Poole",2016,Half-Hourly,1154,612823426.5000001
E06000059,Dorset,2016,Half-Hourly,1167,580438393.6672131
E06000060,Buckinghamshire,2016,Half-Hourly,1583,661928876.8382517
E06000061,North Northamptonshire,2016,Half-Hourly,1131,831208400.5
E06000062,West Northamptonshire,2016,Half-Hourly,1311,809001754.3999999
E06000063,Cumberland,2016,Half-Hourly,919,531675763.3683061
E06000064,Westmorland and Furness,2016,Half-Hourly,822,685910196.1502734
E06000065,North Yorkshire,2016,Half-Hourly,2752,1313101599.689618
E06000066,Somerset,2016,Half-Hourly,1862,957350515.2193985
E07000008,Cambridge,2016,Half-Hourly,705,444772831.3295082
E07000009,East Cambridgeshire,2016,Half-Hourly,290,160005823.1
E07000010,Fenland,2016,Half-Hourly,376,263352795.4
E07000011,Huntingdonshire,2016,Half-Hourly,663,411274114.5000001
E07000012,South Cambridgeshire,2016,Half-Hourly,580,387767423.3
E07000032,Amber Valley,2016,Half-Hourly,351,288336264.5
E07000033,Bolsover,2016,Half-Hourly,198,198261423.7
E07000034,Chesterfield,2016,Half-Hourly,353,167587291.3
E07000035,Derbyshire Dales,2016,Half-Hourly,214,180145543.1754098
E07000036,Erewash,2016,Half-Hourly,259,150697657.1
E07000037,High Peak,2016,Half-Hourly,287,521536504.11
E07000038,North East Derbyshire,2016,Half-Hourly,199,193035746.4
E07000039,South Derbyshire,2016,Half-Hourly,208,308681038.1
E07000040,East Devon,2016,Half-Hourly,449,122244349.8
E07000041,Exeter,2016,Half-Hourly,575,294828618.404918
E07000042,Mid Devon,2016,Half-Hourly,268,117491605
E07000043,North Devon,2016,Half-Hourly,418,172196357.8265027
E07000044,South Hams,2016,Half-Hourly,351,166810466.0836066
E07000045,Teignbridge,2016,Half-Hourly,433,152547561.2
E07000046,Torridge,2016,Half-Hourly,237,58325932.4
E07000047,West Devon,2016,Half-Hourly,174,87280268
E07000061,Eastbourne,2016,Half-Hourly,284,122988637.9
E07000062,Hastings,2016,Half-Hourly,226,89215187.39999999
E07000063,Lewes,2016,Half-Hourly,254,83608518.39999998
E07000064,Rother,2016,Half-Hourly,206,90151351.99999999
E07000065,Wealden,2016,Half-Hourly,359,100302834.1
E07000066,Basildon,2016,Half-Hourly,510,324255738.0169398
E07000067,Braintree,2016,Half-Hourly,442,186120089.1043716
E07000068,Brentwood,2016,Half-Hourly,243,81158991.99999999
E07000069,Castle Point,2016,Half-Hourly,144,45515324.70000002
E07000070,Chelmsford,2016,Half-Hourly,549,283475839.9
E07000071,Colchester,2016,Half-Hourly,544,247731240.1999999
E07000072,Epping Forest,2016,Half-Hourly,307,109655868.1
E07000073,Harlow,2016,Half-Hourly,327,183916333.3
E07000074,Maldon,2016,Half-Hourly,166,82527631.7
E07000075,Rochford,2016,Half-Hourly,172,78804700.7
E07000076,Tendring,2016,Half-Hourly,369,143095619.8
E07000077,Uttlesford,2016,Half-Hourly,215,154491489.9
E07000078,Cheltenham,2016,Half-Hourly,467,244704911.8718579
E07000079,Cotswold,2016,Half-Hourly,368,99243758.10000001
E07000080,Forest of Dean,2016,Half-Hourly,245,197649348.7
E07000081,Gloucester,2016,Half-Hourly,559,284368111.3
E07000082,Stroud,2016,Half-Hourly,391,235630773.2
E07000083,Tewkesbury,2016,Half-Hourly,373,277366289.3
E07000084,Basingstoke and Deane,2016,Half-Hourly,625,425169981.069399
E07000085,East Hampshire,2016,Half-Hourly,312,122590382.5622951
E07000086,Eastleigh,2016,Half-Hourly,360,244115290.6999999
E07000087,Fareham,2016,Half-Hourly,313,179039392.5
E07000088,Gosport,2016,Half-Hourly,166,110786954.2
E07000089,Hart,2016,Half-Hourly,276,153576596.0278689
E07000090,Havant,2016,Half-Hourly,267,148860019.4
E07000091,New Forest,2016,Half-Hourly,497,287913847.6
E07000092,Rushmoor,2016,Half-Hourly,353,195947416
E07000093,Test Valley,2016,Half-Hourly,505,229445460.742623
E07000094,Winchester,2016,Half-Hourly,450,260557771.5000001
E07000095,Broxbourne,2016,Half-Hourly,288,199881517.8
E07000096,Dacorum,2016,Half-Hourly,431,267016291.9543716
E07000098,Hertsmere,2016,Half-Hourly,358,210116641.4827869
E07000099,North Hertfordshire,2016,Half-Hourly,425,188136468.8032787
E07000102,Three Rivers,2016,Half-Hourly,181,123144746.3
E07000103,Watford,2016,Half-Hourly,370,261262482.6000001
E07000105,Ashford,2016,Half-Hourly,426,183228137.2540984
E07000106,Canterbury,2016,Half-Hourly,436,218572916.5
E07000107,Dartford,2016,Half-Hourly,406,183681181.3
E07000108,Dover,2016,Half-Hourly,277,179987354.5
E07000109,Gravesham,2016,Half-Hourly,220,228252553.1729508
E07000110,Maidstone,2016,Half-Hourly,479,255505979.2699453
E07000111,Sevenoaks,2016,Half-Hourly,312,120724523.1076502
E07000112,Folkestone and Hythe,2016,Half-Hourly,292,158215702.6
E07000113,Swale,2016,Half-Hourly,435,343733101.5
E07000114,Thanet,2016,Half-Hourly,351,204902071.4765027
E07000115,Tonbridge and Malling,2016,Half-Hourly,420,206773898.6
E07000116,Tunbridge Wells,2016,Half-Hourly,406,192506524.8967213
E07000117,Burnley,2016,Half-Hourly,291,144275570.5021858
E07000118,Chorley,2016,Half-Hourly,247,131561619.7
E07000119,Fylde,2016,Half-Hourly,241,170367715.7
E07000120,Hyndburn,2016,Half-Hourly,248,127481998.4
E07000121,Lancaster,2016,Half-Hourly,424,193082324.9087432
E07000122,Pendle,2016,Half-Hourly,242,165523125.3
E07000123,Preston,2016,Half-Hourly,534,272187059.5311476
E07000124,Ribble Valley,2016,Half-Hourly,151,268063729.7
E07000125,Rossendale,2016,Half-Hourly,178,151870850.1
E07000126,South Ribble,2016,Half-Hourly,341,224673537.5
E07000127,West Lancashire,2016,Half-Hourly,359,252804176.5
E07000128,Wyre,2016,Half-Hourly,273,215520678.7
E07000129,Blaby,2016,Half-Hourly,323,151755670.9
E07000130,Charnwood,2016,Half-Hourly,471,337210890.9
E07000131,Harborough,2016,Half-Hourly,275,132267044.8
E07000132,Hinckley and Bosworth,2016,Half-Hourly,291,183383367.5
E07000133,Melton,2016,Half-Hourly,154,144128769.8
E07000134,North West Leicestershire,2016,Half-Hourly,374,318942887.3
E07000135,Oadby and Wigston,2016,Half-Hourly,139,72701047.7
E07000136,Boston,2016,Half-Hourly,253,152463982.6
E07000137,East Lindsey,2016,Half-Hourly,554,307217448.0387979
E07000138,Lincoln,2016,Half-Hourly,328,195077115.8
E07000139,North Kesteven,2016,Half-Hourly,272,199600114.1
E07000140,South Holland,2016,Half-Hourly,300,263373392.5
E07000141,South Kesteven,2016,Half-Hourly,394,284216858.6
E07000142,West Lindsey,2016,Half-Hourly,332,152522311.9
E07000143,Breckland,2016,Half-Hourly,549,226435270.3732241
E07000144,Broadland,2016,Half-Hourly,337,172690707.6
E07000145,Great Yarmouth,2016,Half-Hourly,415,114487717.7
E07000146,King's Lynn and West Norfolk,2016,Half-Hourly,614,602757710.0999999
E07000147,North Norfolk,2016,Half-Hourly,423,160716790.4
E07000148,Norwich,2016,Half-Hourly,614,277594236.15
E07000149,South Norfolk,2016,Half-Hourly,368,197370149.5202186
E07000170,Ashfield,2016,Half-Hourly,347,313848681
E07000171,Bassetlaw,2016,Half-Hourly,400,274120014.8
E07000172,Broxtowe,2016,Half-Hourly,242,108776861.1
E07000173,Gedling,2016,Half-Hourly,213,94931332.19999999
E07000174,Mansfield,2016,Half-Hourly,286,169168067.1
E07000175,Newark and Sherwood,2016,Half-Hourly,362,234890608.8
E07000176,Rushcliffe,2016,Half-Hourly,224,149808107.1
E07000177,Cherwell,2016,Half-Hourly,608,346872870.3
E07000178,Oxford,2016,Half-Hourly,639,525167042.3046448
E07000179,South Oxfordshire,2016,Half-Hourly,404,382747825.6000001
E07000180,Vale of White Horse,2016,Half-Hourly,480,410518813.9
E07000181,West Oxfordshire,2016,Half-Hourly,325,206083403
E07000192,Cannock Chase,2016,Half-Hourly,349,137756414
E07000193,East Staffordshire,2016,Half-Hourly,402,384796387.3
E07000194,Lichfield,2016,Half-Hourly,375,182253031.2
E07000195,Newcastle-under-Lyme,2016,Half-Hourly,372,215233837.6
E07000196,South Staffordshire,2016,Half-Hourly,326,203578398.5081967
E07000197,Stafford,2016,Half-Hourly,510,280266557.7901639
E07000198,Staffordshire Moorlands,2016,Half-Hourly,259,270924136
E07000199,Tamworth,2016,Half-Hourly,260,154219776.2
E07000200,Babergh,2016,Half-Hourly,296,149173765.7
E07000202,Ipswich,2016,Half-Hourly,473,177970131.3
E07000203,Mid Suffolk,2016,Half-Hourly,302,181425809.3
E07000207,Elmbridge,2016,Half-Hourly,434,171440827.7
E07000208,Epsom and Ewell,2016,Half-Hourly,187,59623812.80327871
E07000209,Guildford,2016,Half-Hourly,519,242035908.1409837
E07000210,Mole Valley,2016,Half-Hourly,298,178347048.1
E07000211,Reigate and Banstead,2016,Half-Hourly,400,263002731.7
E07000212,Runnymede,2016,Half-Hourly,321,191735179.1000001
E07000213,Spelthorne,2016,Half-Hourly,327,146796200.3
E07000214,Surrey Heath,2016,Half-Hourly,309,176362962.3000001
E07000215,Tandridge,2016,Half-Hourly,210,77215837.39999999
E07000216,Waverley,2016,Half-Hourly,315,91611089.431694
E07000217,Woking,2016,Half-Hourly,365,361299090.1431694
E07000218,North Warwickshire,2016,Half-Hourly,308,369338461.4
E07000219,Nuneaton and Bedworth,2016,Half-Hourly,339,156877436.4743169
E07000220,Rugby,2016,Half-Hourly,375,428743589.3795082
E07000221,Stratford-on-Avon,2016,Half-Hourly,577,251266929.1
E07000222,Warwick,2016,Half-Hourly,497,297902531.9999999
E07000223,Adur,2016,Half-Hourly,180,94647428
E07000224,Arun,2016,Half-Hourly,366,122799259.9
E07000225,Chichester,2016,Half-Hourly,414,216165884
E07000226,Crawley,2016,Half-Hourly,488,411713818.1
E07000227,Horsham,2016,Half-Hourly,447,157311939.1868853
E07000228,Mid Sussex,2016,Half-Hourly,446,155468066.3
E07000229,Worthing,2016,Half-Hourly,296,126099087.9
E07000234,Bromsgrove,2016,Half-Hourly,299,100617684.3306011
E07000235,Malvern Hills,2016,Half-Hourly,282,89255706.99999999
E07000236,Redditch,2016,Half-Hourly,396,178909210.7
E07000237,Worcester,2016,Half-Hourly,418,198853267.6
E07000238,Wychavon,2016,Half-Hourly,554,322144171.7
E07000239,Wyre Forest,2016,Half-Hourly,383,150286621.2
E07000240,St Albans,2016,Half-Hourly,404,141045969.1
E07000241,Welwyn Hatfield,2016,Half-Hourly,394,375088737.3000001
E07000242,East Hertfordshire,2016,Half-Hourly,421,142783136.8
E07000243,Stevenage,2016,Half-Hourly,284,206664371.4
E07000244,East Suffolk,2016,Half-Hourly,759,451631082.752459
E07000245,West Suffolk,2016,Half-Hourly,792,453970393.7814208
E08000001,Bolton,2016,Half-Hourly,786,388333748.7000001
E08000002,Bury,2016,Half-Hourly,435,246712644.5000001
E08000003,Manchester,2016,Half-Hourly,2208,1487569661.921859
E08000004,Oldham,2016,Half-Hourly,583,325048773.7999999
E08000005,Rochdale,2016,Half-Hourly,571,373779650.5060108
E08000006,Salford,2016,Half-Hourly,903,465628998.7846996
E08000007,Stockport,2016,Half-Hourly,827,391355648.1266629
E08000008,Tameside,2016,Half-Hourly,576,313982341.6969945
E08000009,Trafford,2016,Half-Hourly,971,836894189.0319674
E08000010,Wigan,2016,Half-Hourly,754,488488562.4306011
E08000011,Knowsley,2016,Half-Hourly,326,437335766
E08000012,Liverpool,2016,Half-Hourly,1494,909856173.7401642
E08000013,St. Helens,2016,Half-Hourly,448,381167679
E08000014,Sefton,2016,Half-Hourly,620,287483093.3
E08000015,Wirral,2016,Half-Hourly,626,366659015.9202187
E08000017,Doncaster,2016,Half-Hourly,872,636568862.4797816
E08000018,Rotherham,2016,Half-Hourly,786,509140300.6311475
E08000021,Newcastle upon Tyne,2016,Half-Hourly,1642,583025131.2393442
E08000022,North Tyneside,2016,Half-Hourly,844,361944707.2825137
E08000023,South Tyneside,2016,Half-Hourly,579,147756199.4909836
E08000024,Sunderland,2016,Half-Hourly,1204,691399458.0811477
E08000025,Birmingham,2016,Half-Hourly,4038,2012712428.334973
E08000026,Coventry,2016,Half-Hourly,936,647526252.4333335
E08000027,Dudley,2016,Half-Hourly,1142,406753496.2000001
E08000028,Sandwell,2016,Half-Hourly,1413,675470121.2999998
E08000029,Solihull,2016,Half-Hourly,790,553448065.1999999
E08000030,Walsall,2016,Half-Hourly,942,391972614.9
E08000031,Wolverhampton,2016,Half-Hourly,991,438598697.2060109
E08000032,Bradford,2016,Half-Hourly,1357,805995226.9792349
E08000033,Calderdale,2016,Half-Hourly,603,354731978.0316941
E08000034,Kirklees,2016,Half-Hourly,1118,657176520.6043717
E08000035,Leeds,2016,Half-Hourly,2841,1558705553.019946
E08000036,Wakefield,2016,Half-Hourly,1000,962039303.7587432
E08000037,Gateshead,2016,Half-Hourly,1112,440887813.6163934
E08000038,Barnsley,2016,Half-Hourly,556,441959111.8677596
E08000039,Sheffield,2016,Half-Hourly,1805,1118936074.71612
E09000001,City of London,2016,Half-Hourly,1837,2018223798.629234
E09000002,Barking and Dagenham,2016,Half-Hourly,488,279697068.6
E09000003,Barnet,2016,Half-Hourly,744,298435182.2246599
E09000004,Bexley,2016,Half-Hourly,483,278527893.8
E09000005,Brent,2016,Half-Hourly,788,448907186.30625
E09000006,Bromley,2016,Half-Hourly,611,252638858.1737704
E09000007,Camden,2016,Half-Hourly,1602,992145234.3409837
E09000008,Croydon,2016,Half-Hourly,890,436114652.3874317
E09000009,Ealing,2016,Half-Hourly,936,645511965.5999999
E09000010,Enfield,2016,Half-Hourly,658,363719885.4
E09000011,Greenwich,2016,Half-Hourly,725,314123660.5
E09000012,Hackney,2016,Half-Hourly,557,337857619.3
E09000013,Hammersmith and Fulham,2016,Half-Hourly,748,502443956.1000001
E09000014,Haringey,2016,Half-Hourly,464,249115340.7
E09000015,Harrow,2016,Half-Hourly,397,127328756.00959
E09000016,Havering,2016,Half-Hourly,523,255768736.83836
E09000017,Hillingdon,2016,Half-Hourly,938,1009156597.6
E09000018,Hounslow,2016,Half-Hourly,898,777492825.0614754
E09000019,Islington,2016,Half-Hourly,972,592224691.0995623
E09000020,Kensington and Chelsea,2016,Half-Hourly,940,840249515.0393445
E09000021,Kingston upon Thames,2016,Half-Hourly,503,236703357.3956285
E09000022,Lambeth,2016,Half-Hourly,683,434175754.9265028
E09000023,Lewisham,2016,Half-Hourly,456,151823445.1999999
E09000024,Merton,2016,Half-Hourly,506,357521850.3
E09000025,Newham,2016,Half-Hourly,794,954941030.2
E09000026,Redbridge,2016,Half-Hourly,401,138076166.2
E09000027,Richmond upon Thames,2016,Half-Hourly,459,196189861.3688524
E09000028,Southwark,2016,Half-Hourly,1066,962219655.3762296
E09000029,Sutton,2016,Half-Hourly,396,270164124.2431694
E09000030,Tower Hamlets,2016,Half-Hourly,2201,2164383667.511476
E09000031,Waltham Forest,2016,Half-Hourly,418,209393621.7434426
E09000032,Wandsworth,2016,Half-Hourly,756,285417796.0015625
E09000033,Westminster,2016,Half-Hourly,4228,2492366799.696178
S12000005,Clackmannanshire,2016,Half-Hourly,131,197083520.1
S12000006,Dumfries and Galloway,2016,Half-Hourly,576,363447205.1
S12000008,East Ayrshire,2016,Half-Hourly,305,164180513.0166938
S12000010,East Lothian,2016,Half-Hourly,241,215809518.7
S12000011,East Renfrewshire,2016,Half-Hourly,145,41044899.7
S12000013,Na h-Eileanan Siar,2016,Half-Hourly,123,32294121.4
S12000014,Falkirk,2016,Half-Hourly,434,338647225.7
S12000017,Highland,2016,Half-Hourly,1199,633293469.5265026
S12000018,Inverclyde,2016,Half-Hourly,228,132728413
S12000019,Midlothian,2016,Half-Hourly,279,162748788.8
S12000020,Moray,2016,Half-Hourly,362,236978471.0628415
S12000021,North Ayrshire,2016,Half-Hourly,374,333961376.09315
S12000023,Orkney Islands,2016,Half-Hourly,121,25117588.3
S12000026,Scottish Borders,2016,Half-Hourly,370,181175054
S12000027,Shetland Islands,2016,Half-Hourly,122,58267791.7
S12000028,South Ayrshire,2016,Half-Hourly,378,186035417.8
S12000029,South Lanarkshire,2016,Half-Hourly,1117,385478003.4091965
S12000030,Stirling,2016,Half-Hourly,370,210323105
S12000033,Aberdeen City,2016,Half-Hourly,1304,554175373.1
S12000034,Aberdeenshire,2016,Half-Hourly,1147,449037311.45342
S12000035,Argyll and Bute,2016,Half-Hourly,404,119697363.6
S12000036,City of Edinburgh,2016,Half-Hourly,1806,1100001787.4
S12000038,Renfrewshire,2016,Half-Hourly,615,382605133.0734973
S12000039,West Dunbartonshire,2016,Half-Hourly,257,140862442.6
S12000040,West Lothian,2016,Half-Hourly,616,431366752.3
S12000041,Angus,2016,Half-Hourly,454,177312342.595082
S12000042,Dundee City,2016,Half-Hourly,591,289253680.8
S12000045,East Dunbartonshire,2016,Half-Hourly,188,111203881.1928962
S12000047,Fife,2016,Half-Hourly,1189,719824108.2210383
S12000048,Perth and Kinross,2016,Half-Hourly,654,233301094.6016394
S12000049,Glasgow City,2016,Half-Hourly,2523,1326363595.611981
S12000050,North Lanarkshire,2016,Half-Hourly,993,593110489.4598361
W06000001,Isle of Anglesey / Ynys Môn,2016,Half-Hourly,233,98373070.6
W06000002,Gwynedd / Gwynedd,2016,Half-Hourly,526,177074405.5
W06000003,Conwy / Conwy,2016,Half-Hourly,403,104991299.1
W06000004,Denbighshire / Sir Ddinbych,2016,Half-Hourly,313,127054581.1
W06000005,Flintshire / Sir y Fflint,2016,Half-Hourly,500,692798380.1000001
W06000006,Wrexham / Wrecsam,2016,Half-Hourly,421,566078113.0579236
W06000008,Ceredigion / Ceredigion,2016,Half-Hourly,278,111980934.463388
W06000009,Pembrokeshire / Sir Benfro,2016,Half-Hourly,419,647830678.9117486
W06000010,Carmarthenshire / Sir Gaerfyrddin,2016,Half-Hourly,588,418330938.6245901
W06000011,Swansea / Abertawe,2016,Half-Hourly,742,411457662.9
W06000012,Neath Port Talbot / Castell-nedd Port Talbot,2016,Half-Hourly,374,1022521552
W06000013,Bridgend / Pen-y-bont ar Ogwr,2016,Half-Hourly,400,334559451.5500001
W06000014,Vale of Glamorgan / Bro Morgannwg,2016,Half-Hourly,263,246511281.095082
W06000015,Cardiff / Caerdydd,2016,Half-Hourly,1224,831427964.821835
W06000016,Rhondda Cynon Taf / Rhondda Cynon Taf,2016,Half-Hourly,543,315217814.6213114
W06000018,Caerphilly / Caerffili,2016,Half-Hourly,406,305015144.4
W06000019,Blaenau Gwent / Blaenau Gwent,2016,Half-Hourly,177,114816355
W06000020,Torfaen / Torfaen,2016,Half-Hourly,262,226256675.0606557
W06000021,Monmouthshire / Sir Fynwy,2016,Half-Hourly,257,166316356.4
W06000022,Newport / Casnewydd,2016,Half-Hourly,473,560592817.1
W06000023,Powys / Powys,2016,Half-Hourly,521,177574789.6
W06000024,Merthyr Tydfil / Merthyr Tudful,2016,Half-Hourly,171,106145180.6901639
E06000001,Hartlepool,2017,Half-Hourly,550,274993724.8
E06000002,Middlesbrough,2017,Half-Hourly,842,210336645.7
E06000003,Redcar and Cleveland,2017,Half-Hourly,596,566066515
E06000004,Stockton-on-Tees,2017,Half-Hourly,1187,928154826.0999999
E06000005,Darlington,2017,Half-Hourly,600,191192265.7
E06000006,Halton,2017,Half-Hourly,576,451539988.1915069
E06000007,Warrington,2017,Half-Hourly,935,482344786.5495889
E06000008,Blackburn with Darwen,2017,Half-Hourly,634,323504858.5000001
E06000009,Blackpool,2017,Half-Hourly,592,210275632.9999999
E06000010,"Kingston upon Hull, City of",2017,Half-Hourly,1237,608123764.2213699
E06000011,East Riding of Yorkshire,2017,Half-Hourly,1506,834074212.2999997
E06000012,North East Lincolnshire,2017,Half-Hourly,619,506619521.7432877
E06000013,North Lincolnshire,2017,Half-Hourly,841,874286351.1
E06000014,York,2017,Half-Hourly,1221,328919663.7383564
E06000015,Derby,2017,Half-Hourly,861,528082410.0999999
E06000016,Leicester,2017,Half-Hourly,1350,694046245.2221913
E06000017,Rutland,2017,Half-Hourly,143,231838133.6
E06000018,Nottingham,2017,Half-Hourly,1395,619211976.3882196
E06000019,"Herefordshire, County of",2017,Half-Hourly,1062,485564352.8936986
E06000020,Telford and Wrekin,2017,Half-Hourly,927,526458254.8
E06000021,Stoke-on-Trent,2017,Half-Hourly,1207,480115641.3087671
E06000022,Bath and North East Somerset,2017,Half-Hourly,828,237432222.890685
E06000023,"Bristol, City of",2017,Half-Hourly,2304,900612373.3726026
E06000024,North Somerset,2017,Half-Hourly,773,300503660.7857534
E06000025,South Gloucestershire,2017,Half-Hourly,1292,625125055.1254795
E06000026,Plymouth,2017,Half-Hourly,981,415254117.1068493
E06000027,Torbay,2017,Half-Hourly,622,144146136.1279452
E06000030,Swindon,2017,Half-Hourly,904,632547380.1786299
E06000031,Peterborough,2017,Half-Hourly,883,511898708.6698631
E06000032,Luton,2017,Half-Hourly,684,337594652.2082191
E06000033,Southend-on-Sea,2017,Half-Hourly,524,209827033.2
E06000034,Thurrock,2017,Half-Hourly,705,640297616.6999999
E06000035,Medway,2017,Half-Hourly,768,312102956.3389043
E06000036,Bracknell Forest,2017,Half-Hourly,460,277369869.2
E06000037,West Berkshire,2017,Half-Hourly,783,438043763.030137
E06000038,Reading,2017,Half-Hourly,839,399830633.3663014
E06000039,Slough,2017,Half-Hourly,793,923079727.4000002
E06000040,Windsor and Maidenhead,2017,Half-Hourly,739,318426034.6589041
E06000041,Wokingham,2017,Half-Hourly,516,304619471
E06000042,Milton Keynes,2017,Half-Hourly,1356,866600562.2863014
E06000043,Brighton and Hove,2017,Half-Hourly,969,324934572.6999999
E06000044,Portsmouth,2017,Half-Hourly,842,476338283.3999999
E06000045,Southampton,2017,Half-Hourly,890,386633414.7802739
E06000046,Isle of Wight,2017,Half-Hourly,534,183764666.3846575
E06000047,County Durham,2017,Half-Hourly,2642,952306412.5224656
E06000049,Cheshire East,2017,Half-Hourly,1521,781793078.9602739
E06000050,Cheshire West and Chester,2017,Half-Hourly,1510,1431171613.056164
E06000051,Shropshire,2017,Half-Hourly,1576,655640544.1183563
E06000052,Cornwall,2017,Half-Hourly,2703,960437847.6698635
E06000053,Isles of Scilly,2017,Half-Hourly,12,2542197.1
E06000054,Wiltshire,2017,Half-Hourly,1753,892808105.82
E06000055,Bedford,2017,Half-Hourly,716,340236981.8000001
E06000056,Central Bedfordshire,2017,Half-Hourly,924,469113518.8947945
E06000057,Northumberland,2017,Half-Hourly,1771,779876417.4840972
E06000058,"Bournemouth, Christchurch and Poole",2017,Half-Hourly,1437,654575006.8000001
E06000059,Dorset,2017,Half-Hourly,1463,605674373.7961643
E06000060,Buckinghamshire,2017,Half-Hourly,1953,732707578.9164387
E06000061,North Northamptonshire,2017,Half-Hourly,1336,878939664.0479499
E06000062,West Northamptonshire,2017,Half-Hourly,1544,853701531.6969866
E06000063,Cumberland,2017,Half-Hourly,1188,571400688.8999997
E06000064,Westmorland and Furness,2017,Half-Hourly,1065,711505123.2980821
E06000065,North Yorkshire,2017,Half-Hourly,3905,1452698065.574521
E06000066,Somerset,2017,Half-Hourly,2448,1042691154.890959
E07000008,Cambridge,2017,Half-Hourly,862,476009581.0000002
E07000009,East Cambridgeshire,2017,Half-Hourly,372,184430967.5
E07000010,Fenland,2017,Half-Hourly,478,276999229.5
E07000011,Huntingdonshire,2017,Half-Hourly,790,430168669.5517809
E07000012,South Cambridgeshire,2017,Half-Hourly,717,412598224.3854795
E07000032,Amber Valley,2017,Half-Hourly,429,295944579.1
E07000033,Bolsover,2017,Half-Hourly,235,214020944.9517809
E07000034,Chesterfield,2017,Half-Hourly,410,184914045
E07000035,Derbyshire Dales,2017,Half-Hourly,260,186250642.3
E07000036,Erewash,2017,Half-Hourly,309,159798821.3
E07000037,High Peak,2017,Half-Hourly,343,548458372.7
E07000038,North East Derbyshire,2017,Half-Hourly,250,203740680.669863
E07000039,South Derbyshire,2017,Half-Hourly,262,323584418.4
E07000040,East Devon,2017,Half-Hourly,582,144108886.3
E07000041,Exeter,2017,Half-Hourly,761,313443054.1
E07000042,Mid Devon,2017,Half-Hourly,349,133018775.1
E07000043,North Devon,2017,Half-Hourly,523,190714960.5884931
E07000044,South Hams,2017,Half-Hourly,439,181970085.9238357
E07000045,Teignbridge,2017,Half-Hourly,554,168939550.0999999
E07000046,Torridge,2017,Half-Hourly,313,70814702.7
E07000047,West Devon,2017,Half-Hourly,223,88682895.52328767
E07000061,Eastbourne,2017,Half-Hourly,381,132792616.1591781
E07000062,Hastings,2017,Half-Hourly,295,103228817.9
E07000063,Lewes,2017,Half-Hourly,338,93144729.30000001
E07000064,Rother,2017,Half-Hourly,290,106970617.1
E07000065,Wealden,2017,Half-Hourly,471,118199038.8745205
E07000066,Basildon,2017,Half-Hourly,649,338659942.3999999
E07000067,Braintree,2017,Half-Hourly,558,193678912.9284932
E07000068,Brentwood,2017,Half-Hourly,297,89135170.60000002
E07000069,Castle Point,2017,Half-Hourly,188,53796656.3
E07000070,Chelmsford,2017,Half-Hourly,696,305139952.2
E07000071,Colchester,2017,Half-Hourly,676,269922202.3
E07000072,Epping Forest,2017,Half-Hourly,380,126588672.9
E07000073,Harlow,2017,Half-Hourly,409,200135653.1550685
E07000074,Maldon,2017,Half-Hourly,205,94620407.30000001
E07000075,Rochford,2017,Half-Hourly,225,84419017.1
E07000076,Tendring,2017,Half-Hourly,461,155247685.5
E07000077,Uttlesford,2017,Half-Hourly,279,160968643.7
E07000078,Cheltenham,2017,Half-Hourly,610,257937072.5
E07000079,Cotswold,2017,Half-Hourly,460,117802237.6421919
E07000080,Forest of Dean,2017,Half-Hourly,322,212859568.7
E07000081,Gloucester,2017,Half-Hourly,680,305493440.0000001
E07000082,Stroud,2017,Half-Hourly,488,255101333.2054794
E07000083,Tewkesbury,2017,Half-Hourly,461,287120749.9
E07000084,Basingstoke and Deane,2017,Half-Hourly,781,435212449.4630136
E07000085,East Hampshire,2017,Half-Hourly,392,135716046.8
E07000086,Eastleigh,2017,Half-Hourly,433,258887755.5
E07000087,Fareham,2017,Half-Hourly,396,193061475.3
E07000088,Gosport,2017,Half-Hourly,209,117487668.7
E07000089,Hart,2017,Half-Hourly,327,183459160.3
E07000090,Havant,2017,Half-Hourly,330,154557162.4638357
E07000091,New Forest,2017,Half-Hourly,628,313573313.6999999
E07000092,Rushmoor,2017,Half-Hourly,428,189228087.2794521
E07000093,Test Valley,2017,Half-Hourly,604,250534816.4720549
E07000094,Winchester,2017,Half-Hourly,568,274977830.6
E07000095,Broxbourne,2017,Half-Hourly,340,199650063.5219178
E07000096,Dacorum,2017,Half-Hourly,554,301080942.2
E07000098,Hertsmere,2017,Half-Hourly,445,220839809.2079452
E07000099,North Hertfordshire,2017,Half-Hourly,529,211417303.5863014
E07000102,Three Rivers,2017,Half-Hourly,214,124626153.9
E07000103,Watford,2017,Half-Hourly,459,271297123.3
E07000105,Ashford,2017,Half-Hourly,531,197852919
E07000106,Canterbury,2017,Half-Hourly,558,232136834.2
E07000107,Dartford,2017,Half-Hourly,501,195669558.5
E07000108,Dover,2017,Half-Hourly,357,191242013.5
E07000109,Gravesham,2017,Half-Hourly,270,242445266.4978082
E07000110,Maidstone,2017,Half-Hourly,602,274675514.2350684
E07000111,Sevenoaks,2017,Half-Hourly,400,133218987.4
E07000112,Folkestone and Hythe,2017,Half-Hourly,359,194341935.5
E07000113,Swale,2017,Half-Hourly,536,386663187.4556165
E07000114,Thanet,2017,Half-Hourly,446,218147653.3726027
E07000115,Tonbridge and Malling,2017,Half-Hourly,547,230939922.9
E07000116,Tunbridge Wells,2017,Half-Hourly,533,210526097.8
E07000117,Burnley,2017,Half-Hourly,352,158854352.9
E07000118,Chorley,2017,Half-Hourly,337,146978200.8
E07000119,Fylde,2017,Half-Hourly,310,180822950.9
E07000120,Hyndburn,2017,Half-Hourly,307,132302843.3712329
E07000121,Lancaster,2017,Half-Hourly,584,225147631.1000001
E07000122,Pendle,2017,Half-Hourly,310,177013357.3
E07000123,Preston,2017,Half-Hourly,682,281385733.0999999
E07000124,Ribble Valley,2017,Half-Hourly,208,272520526.5958904
E07000125,Rossendale,2017,Half-Hourly,218,152354385.5
E07000126,South Ribble,2017,Half-Hourly,419,236686924.1241096
E07000127,West Lancashire,2017,Half-Hourly,457,261607602.5
E07000128,Wyre,2017,Half-Hourly,366,241913082.1
E07000129,Blaby,2017,Half-Hourly,386,206690901.0232877
E07000130,Charnwood,2017,Half-Hourly,563,349028369.1
E07000131,Harborough,2017,Half-Hourly,325,133561497
E07000132,Hinckley and Bosworth,2017,Half-Hourly,345,192326423.6
E07000133,Melton,2017,Half-Hourly,187,141209218.8
E07000134,North West Leicestershire,2017,Half-Hourly,434,331494429.0958904
E07000135,Oadby and Wigston,2017,Half-Hourly,167,74717594.2
E07000136,Boston,2017,Half-Hourly,294,160523794.0180823
E07000137,East Lindsey,2017,Half-Hourly,660,325242715.4465753
E07000138,Lincoln,2017,Half-Hourly,409,208595303.8
E07000139,North Kesteven,2017,Half-Hourly,351,204064538.0493151
E07000140,South Holland,2017,Half-Hourly,352,279002394.6
E07000141,South Kesteven,2017,Half-Hourly,456,287469903.9
E07000142,West Lindsey,2017,Half-Hourly,413,164066714.8
E07000143,Breckland,2017,Half-Hourly,690,247280300.0000001
E07000144,Broadland,2017,Half-Hourly,456,182259942.1
E07000145,Great Yarmouth,2017,Half-Hourly,505,126571683.8
E07000146,King's Lynn and West Norfolk,2017,Half-Hourly,813,637595609.3
E07000147,North Norfolk,2017,Half-Hourly,578,184644607.08219
E07000148,Norwich,2017,Half-Hourly,750,289599387.2424658
E07000149,South Norfolk,2017,Half-Hourly,491,215607407.7
E07000170,Ashfield,2017,Half-Hourly,435,302523144.2999999
E07000171,Bassetlaw,2017,Half-Hourly,473,296868414.3
E07000172,Broxtowe,2017,Half-Hourly,300,114440998.9
E07000173,Gedling,2017,Half-Hourly,265,102280793.3
E07000174,Mansfield,2017,Half-Hourly,358,186283481.9
E07000175,Newark and Sherwood,2017,Half-Hourly,450,234181664.9
E07000176,Rushcliffe,2017,Half-Hourly,265,157747634.3
E07000177,Cherwell,2017,Half-Hourly,775,372326096.5854794
E07000178,Oxford,2017,Half-Hourly,808,541461120.8520548
E07000179,South Oxfordshire,2017,Half-Hourly,508,397649072
E07000180,Vale of White Horse,2017,Half-Hourly,578,403193367.6191781
E07000181,West Oxfordshire,2017,Half-Hourly,401,223252354.3975342
E07000192,Cannock Chase,2017,Half-Hourly,463,152699594.8
E07000193,East Staffordshire,2017,Half-Hourly,505,400771440.3931506
E07000194,Lichfield,2017,Half-Hourly,517,204531743.1427397
E07000195,Newcastle-under-Lyme,2017,Half-Hourly,503,230028955.8999999
E07000196,South Staffordshire,2017,Half-Hourly,450,232246564.6
E07000197,Stafford,2017,Half-Hourly,691,293932300.4000001
E07000198,Staffordshire Moorlands,2017,Half-Hourly,346,264963294.4424658
E07000199,Tamworth,2017,Half-Hourly,304,142762487.4
E07000200,Babergh,2017,Half-Hourly,373,159969798.9509589
E07000202,Ipswich,2017,Half-Hourly,569,194020398.6227397
E07000203,Mid Suffolk,2017,Half-Hourly,387,203997990.6358904
E07000207,Elmbridge,2017,Half-Hourly,545,195596065.94
E07000208,Epsom and Ewell,2017,Half-Hourly,229,64774668.19999998
E07000209,Guildford,2017,Half-Hourly,662,267486731.5775343
E07000210,Mole Valley,2017,Half-Hourly,358,179413573.5
E07000211,Reigate and Banstead,2017,Half-Hourly,495,282469464.7736986
E07000212,Runnymede,2017,Half-Hourly,404,205921582
E07000213,Spelthorne,2017,Half-Hourly,405,162256117.8471232
E07000214,Surrey Heath,2017,Half-Hourly,390,186512516.7
E07000215,Tandridge,2017,Half-Hourly,275,89516257.30000001
E07000216,Waverley,2017,Half-Hourly,395,108000519.9
E07000217,Woking,2017,Half-Hourly,434,364309878.9
E07000218,North Warwickshire,2017,Half-Hourly,367,371493439.8942466
E07000219,Nuneaton and Bedworth,2017,Half-Hourly,420,163459806.2
E07000220,Rugby,2017,Half-Hourly,454,403471747.3983561
E07000221,Stratford-on-Avon,2017,Half-Hourly,725,274197052.8931507
E07000222,Warwick,2017,Half-Hourly,594,302870905.5
E07000223,Adur,2017,Half-Hourly,213,110210053.1
E07000224,Arun,2017,Half-Hourly,473,136767009.2
E07000225,Chichester,2017,Half-Hourly,518,225437714.2884932
E07000226,Crawley,2017,Half-Hourly,598,427747626.1591781
E07000227,Horsham,2017,Half-Hourly,567,183048047.5
E07000228,Mid Sussex,2017,Half-Hourly,575,170548602.3536986
E07000229,Worthing,2017,Half-Hourly,364,138591426.8561644
E07000234,Bromsgrove,2017,Half-Hourly,407,114395641.1013699
E07000235,Malvern Hills,2017,Half-Hourly,357,102100020
E07000236,Redditch,2017,Half-Hourly,488,188535775.4
E07000237,Worcester,2017,Half-Hourly,539,212214536.7
E07000238,Wychavon,2017,Half-Hourly,688,348048271.2572603
E07000239,Wyre Forest,2017,Half-Hourly,490,170086541.2
E07000240,St Albans,2017,Half-Hourly,487,158907022
E07000241,Welwyn Hatfield,2017,Half-Hourly,456,407553875.1999999
E07000242,East Hertfordshire,2017,Half-Hourly,522,161948062.1
E07000243,Stevenage,2017,Half-Hourly,334,212625968.1
E07000244,East Suffolk,2017,Half-Hourly,991,495684030.1
E07000245,West Suffolk,2017,Half-Hourly,988,470606308.4999999
E08000001,Bolton,2017,Half-Hourly,995,414110411.6
E08000002,Bury,2017,Half-Hourly,556,260902143.5
E08000003,Manchester,2017,Half-Hourly,2724,1541363640.138356
E08000004,Oldham,2017,Half-Hourly,746,342472927.1
E08000005,Rochdale,2017,Half-Hourly,711,393759247.0068493
E08000006,Salford,2017,Half-Hourly,1095,480372697.8
E08000007,Stockport,2017,Half-Hourly,1026,433140702.9175342
E08000008,Tameside,2017,Half-Hourly,714,326287503.1232877
E08000009,Trafford,2017,Half-Hourly,1238,911080493.01
E08000010,Wigan,2017,Half-Hourly,975,521752961.730601
E08000011,Knowsley,2017,Half-Hourly,427,438406537.6
E08000012,Liverpool,2017,Half-Hourly,2017,963905657.1331506
E08000013,St. Helens,2017,Half-Hourly,577,385618563.7
E08000014,Sefton,2017,Half-Hourly,826,300098758.9
E08000015,Wirral,2017,Half-Hourly,816,378604214.648493
E08000017,Doncaster,2017,Half-Hourly,1132,677249087.8030136
E08000018,Rotherham,2017,Half-Hourly,999,531889206.2769865
E08000021,Newcastle upon Tyne,2017,Half-Hourly,2173,650236199.7120547
E08000022,North Tyneside,2017,Half-Hourly,1113,400846675.1276712
E08000023,South Tyneside,2017,Half-Hourly,810,168026044.1
E08000024,Sunderland,2017,Half-Hourly,1630,733875719.9915069
E08000025,Birmingham,2017,Half-Hourly,5335,2159856281.25233
E08000026,Coventry,2017,Half-Hourly,1103,682139402.7386299
E08000027,Dudley,2017,Half-Hourly,1472,452679219.6999999
E08000028,Sandwell,2017,Half-Hourly,1804,740163708.0150687
E08000029,Solihull,2017,Half-Hourly,1013,590016803.8000001
E08000030,Walsall,2017,Half-Hourly,1237,430937605.9999999
E08000031,Wolverhampton,2017,Half-Hourly,1269,459697545.2
E08000032,Bradford,2017,Half-Hourly,1778,832920571.1249312
E08000033,Calderdale,2017,Half-Hourly,764,376277870.490685
E08000034,Kirklees,2017,Half-Hourly,1434,691329901.0000001
E08000035,Leeds,2017,Half-Hourly,3466,1673216527.095341
E08000036,Wakefield,2017,Half-Hourly,1297,984444319.1999998
E08000037,Gateshead,2017,Half-Hourly,1452,480704471.4526029
E08000038,Barnsley,2017,Half-Hourly,733,472781214.1
E08000039,Sheffield,2017,Half-Hourly,2255,1167785841.4
E09000001,City of London,2017,Half-Hourly,2046,1967675511.200001
E09000002,Barking and Dagenham,2017,Half-Hourly,566,301286987.4512329
E09000003,Barnet,2017,Half-Hourly,946,320008692.790137
E09000004,Bexley,2017,Half-Hourly,590,301043363.9999999
E09000005,Brent,2017,Half-Hourly,949,598236469.9000001
E09000006,Bromley,2017,Half-Hourly,745,257551752.7956165
E09000007,Camden,2017,Half-Hourly,1946,1053997297.172055
E09000008,Croydon,2017,Half-Hourly,1072,496575828.9999998
E09000009,Ealing,2017,Half-Hourly,1168,716140009.9178085
E09000010,Enfield,2017,Half-Hourly,796,391656096.1246575
E09000011,Greenwich,2017,Half-Hourly,866,334505736.0000001
E09000012,Hackney,2017,Half-Hourly,729,368508960.5000001
E09000013,Hammersmith and Fulham,2017,Half-Hourly,899,527566404.6252056
E09000014,Haringey,2017,Half-Hourly,620,271730303.1446575
E09000015,Harrow,2017,Half-Hourly,502,129029891.4
E09000016,Havering,2017,Half-Hourly,671,277900058.9999999
E09000017,Hillingdon,2017,Half-Hourly,1145,1014680621.170685
E09000018,Hounslow,2017,Half-Hourly,1069,805599134.1000003
E09000019,Islington,2017,Half-Hourly,1152,594258324.9000001
E09000020,Kensington and Chelsea,2017,Half-Hourly,1194,747740986.5863014
E09000021,Kingston upon Thames,2017,Half-Hourly,628,265500858.1115068
E09000022,Lambeth,2017,Half-Hourly,858,442399606.1986302
E09000023,Lewisham,2017,Half-Hourly,591,164765386.3
E09000024,Merton,2017,Half-Hourly,614,363923569.6
E09000025,Newham,2017,Half-Hourly,961,902272235.9000002
E09000026,Redbridge,2017,Half-Hourly,500,155836032.6
E09000027,Richmond upon Thames,2017,Half-Hourly,591,211629124.8328767
E09000028,Southwark,2017,Half-Hourly,1274,961738522.3093152
E09000029,Sutton,2017,Half-Hourly,487,282113327.2
E09000030,Tower Hamlets,2017,Half-Hourly,2424,2105586378.151508
E09000031,Waltham Forest,2017,Half-Hourly,521,221944986.1594521
E09000032,Wandsworth,2017,Half-Hourly,941,325402840.3015625
E09000033,Westminster,2017,Half-Hourly,4975,2551583015.954795
S12000005,Clackmannanshire,2017,Half-Hourly,165,198794908.99
S12000006,Dumfries and Galloway,2017,Half-Hourly,712,382458605.1584932
S12000008,East Ayrshire,2017,Half-Hourly,370,176108988.5100001
S12000010,East Lothian,2017,Half-Hourly,314,244010940.3999999
S12000011,East Renfrewshire,2017,Half-Hourly,183,48026129.2
S12000013,Na h-Eileanan Siar,2017,Half-Hourly,137,39045616.7
S12000014,Falkirk,2017,Half-Hourly,518,351667614.1
S12000017,Highland,2017,Half-Hourly,1441,667192231.8
S12000018,Inverclyde,2017,Half-Hourly,287,138354122.7
S12000019,Midlothian,2017,Half-Hourly,336,171425501.1813699
S12000020,Moray,2017,Half-Hourly,429,243048044.8
S12000021,North Ayrshire,2017,Half-Hourly,461,370383379.9
S12000023,Orkney Islands,2017,Half-Hourly,141,28315678.80876712
S12000026,Scottish Borders,2017,Half-Hourly,461,197144071.9
S12000027,Shetland Islands,2017,Half-Hourly,149,63606854.49999998
S12000028,South Ayrshire,2017,Half-Hourly,467,200669574.6627397
S12000029,South Lanarkshire,2017,Half-Hourly,1362,422304822.5895889
S12000030,Stirling,2017,Half-Hourly,468,203665363.5219178
S12000033,Aberdeen City,2017,Half-Hourly,1565,584096954.5156167
S12000034,Aberdeenshire,2017,Half-Hourly,1340,487996862.2989041
S12000035,Argyll and Bute,2017,Half-Hourly,485,132627495.2
S12000036,City of Edinburgh,2017,Half-Hourly,2214,1160023322.928219
S12000038,Renfrewshire,2017,Half-Hourly,756,399830785.0999999
S12000039,West Dunbartonshire,2017,Half-Hourly,319,146871339.7
S12000040,West Lothian,2017,Half-Hourly,762,445171376.8
S12000041,Angus,2017,Half-Hourly,542,195379828.1
S12000042,Dundee City,2017,Half-Hourly,701,279533229.9742466
S12000045,East Dunbartonshire,2017,Half-Hourly,247,120447850.6
S12000047,Fife,2017,Half-Hourly,1442,744426844.0380855
S12000048,Perth and Kinross,2017,Half-Hourly,808,265470733.2
S12000049,Glasgow City,2017,Half-Hourly,3143,1433007845.96931
S12000050,North Lanarkshire,2017,Half-Hourly,1231,626207677.7980893
W06000001,Isle of Anglesey / Ynys Môn,2017,Half-Hourly,274,101793014.2
W06000002,Gwynedd / Gwynedd,2017,Half-Hourly,638,185189946.6591781
W06000003,Conwy / Conwy,2017,Half-Hourly,519,118215225.4
W06000004,Denbighshire / Sir Ddinbych,2017,Half-Hourly,392,138487749.9657534
W06000005,Flintshire / Sir y Fflint,2017,Half-Hourly,615,707142664.2117808
W06000006,Wrexham / Wrecsam,2017,Half-Hourly,543,627655979.2
W06000008,Ceredigion / Ceredigion,2017,Half-Hourly,335,118082184.6
W06000009,Pembrokeshire / Sir Benfro,2017,Half-Hourly,562,613482506.0364383
W06000010,Carmarthenshire / Sir Gaerfyrddin,2017,Half-Hourly,754,440841332.0945206
W06000011,Swansea / Abertawe,2017,Half-Hourly,1023,432767198.9821917
W06000012,Neath Port Talbot / Castell-nedd Port Talbot,2017,Half-Hourly,490,1029113454.4
W06000013,Bridgend / Pen-y-bont ar Ogwr,2017,Half-Hourly,542,336203791.0000001
W06000014,Vale of Glamorgan / Bro Morgannwg,2017,Half-Hourly,347,254740946.3
W06000015,Cardiff / Caerdydd,2017,Half-Hourly,1603,869654311.5200002
W06000016,Rhondda Cynon Taf / Rhondda Cynon Taf,2017,Half-Hourly,719,336419627.1999999
W06000018,Caerphilly / Caerffili,2017,Half-Hourly,523,314619667
W06000019,Blaenau Gwent / Blaenau Gwent,2017,Half-Hourly,233,124526609.2
W06000020,Torfaen / Torfaen,2017,Half-Hourly,330,236372400.8
W06000021,Monmouthshire / Sir Fynwy,2017,Half-Hourly,350,177371647.3969863
W06000022,Newport / Casnewydd,2017,Half-Hourly,594,592476121.8
W06000023,Powys / Powys,2017,Half-Hourly,667,197440371.5780821
W06000024,Merthyr Tydfil / Merthyr Tudful,2017,Half-Hourly,218,106176447
E06000001,Hartlepool,2018,Half-Hourly,579,280929839.9191781
E06000002,Middlesbrough,2018,Half-Hourly,898,249451261.6999999
E06000003,Redcar and Cleveland,2018,Half-Hourly,627,566775374.5000001
E06000004,Stockton-on-Tees,2018,Half-Hourly,1244,904903710.9999999
E06000005,Darlington,2018,Half-Hourly,632,206778520.4
E06000006,Halton,2018,Half-Hourly,606,457847456.7
E06000007,Warrington,2018,Half-Hourly,966,493321388.7
E06000008,Blackburn with Darwen,2018,Half-Hourly,648,325195690.8
E06000009,Blackpool,2018,Half-Hourly,604,212766734.9
E06000010,"Kingston upon Hull, City of",2018,Half-Hourly,1309,620143736.157534
E06000011,East Riding of Yorkshire,2018,Half-Hourly,1628,850304171.69
E06000012,North East Lincolnshire,2018,Half-Hourly,646,534249499.8
E06000013,North Lincolnshire,2018,Half-Hourly,881,868854008.6999999
E06000014,York,2018,Half-Hourly,1275,340927871.7000002
E06000015,Derby,2018,Half-Hourly,920,537418181.5000001
E06000016,Leicester,2018,Half-Hourly,1437,699662369.6263014
E06000017,Rutland,2018,Half-Hourly,153,237034743
E06000018,Nottingham,2018,Half-Hourly,1479,612413145.5000002
E06000019,"Herefordshire, County of",2018,Half-Hourly,1095,483556085.2739726
E06000020,Telford and Wrekin,2018,Half-Hourly,984,531129079.1
E06000021,Stoke-on-Trent,2018,Half-Hourly,1303,493144306.9
E06000022,Bath and North East Somerset,2018,Half-Hourly,863,243126607.2
E06000023,"Bristol, City of",2018,Half-Hourly,2418,911268762.300001
E06000024,North Somerset,2018,Half-Hourly,813,307557314.6964384
E06000025,South Gloucestershire,2018,Half-Hourly,1355,636086976.6
E06000026,Plymouth,2018,Half-Hourly,1017,421552573.1000003
E06000027,Torbay,2018,Half-Hourly,650,149326659.9
E06000030,Swindon,2018,Half-Hourly,968,627005153.7999998
E06000031,Peterborough,2018,Half-Hourly,945,517374554.1000001
E06000032,Luton,2018,Half-Hourly,708,339573222.6999999
E06000033,Southend-on-Sea,2018,Half-Hourly,550,202781221.8999999
E06000034,Thurrock,2018,Half-Hourly,726,659585717.1000001
E06000035,Medway,2018,Half-Hourly,806,315999763.9000002
E06000036,Bracknell Forest,2018,Half-Hourly,473,278031102.8
E06000037,West Berkshire,2018,Half-Hourly,836,445559969.0000001
E06000038,Reading,2018,Half-Hourly,877,408233851.5153424
E06000039,Slough,2018,Half-Hourly,817,1003175870.173425
E06000040,Windsor and Maidenhead,2018,Half-Hourly,778,330924921.6
E06000041,Wokingham,2018,Half-Hourly,553,306201400.9
E06000042,Milton Keynes,2018,Half-Hourly,1421,845116267.954794
E06000043,Brighton and Hove,2018,Half-Hourly,1013,335071933.1534247
E06000044,Portsmouth,2018,Half-Hourly,905,512529668.3000001
E06000045,Southampton,2018,Half-Hourly,945,409392338.9000001
E06000046,Isle of Wight,2018,Half-Hourly,550,193342975.5
E06000047,County Durham,2018,Half-Hourly,2838,956088030.6909589
E06000049,Cheshire East,2018,Half-Hourly,1638,797167699.1361618
E06000050,Cheshire West and Chester,2018,Half-Hourly,1592,1388544795.31589
E06000051,Shropshire,2018,Half-Hourly,1648,670736220.2999997
E06000052,Cornwall,2018,Half-Hourly,2803,962373449.783836
E06000053,Isles of Scilly,2018,Half-Hourly,12,2769221.4
E06000054,Wiltshire,2018,Half-Hourly,1873,912894292.02877
E06000055,Bedford,2018,Half-Hourly,761,339069784.7547945
E06000056,Central Bedfordshire,2018,Half-Hourly,970,480620373.0835618
E06000057,Northumberland,2018,Half-Hourly,1856,790884427.2219177
E06000058,"Bournemouth, Christchurch and Poole",2018,Half-Hourly,1528,655302591.2
E06000059,Dorset,2018,Half-Hourly,1553,627279593.9000003
E06000060,Buckinghamshire,2018,Half-Hourly,2072,735243373.6172622
E06000061,North Northamptonshire,2018,Half-Hourly,1411,877803027.1265754
E06000062,West Northamptonshire,2018,Half-Hourly,1638,871323796.0095904
E06000063,Cumberland,2018,Half-Hourly,1232,568665394.1000001
E06000064,Westmorland and Furness,2018,Half-Hourly,1105,749464321.6999997
E06000065,North Yorkshire,2018,Half-Hourly,4101,1489579305.636987
E06000066,Somerset,2018,Half-Hourly,2562,1056978890.721644
E07000008,Cambridge,2018,Half-Hourly,916,489366547.9999999
E07000009,East Cambridgeshire,2018,Half-Hourly,392,191905405.8912329
E07000010,Fenland,2018,Half-Hourly,504,286264331.2117808
E07000011,Huntingdonshire,2018,Half-Hourly,847,433783837.5
E07000012,South Cambridgeshire,2018,Half-Hourly,788,436209346.1000001
E07000032,Amber Valley,2018,Half-Hourly,469,297911530.9999999
E07000033,Bolsover,2018,Half-Hourly,258,218555030.9
E07000034,Chesterfield,2018,Half-Hourly,453,196455390.8
E07000035,Derbyshire Dales,2018,Half-Hourly,279,188074800.3
E07000036,Erewash,2018,Half-Hourly,348,166198016.2
E07000037,High Peak,2018,Half-Hourly,362,545037357.8000001
E07000038,North East Derbyshire,2018,Half-Hourly,271,216697239.4
E07000039,South Derbyshire,2018,Half-Hourly,287,309035598.1
E07000040,East Devon,2018,Half-Hourly,606,149586881.7
E07000041,Exeter,2018,Half-Hourly,788,316978808.8999999
E07000042,Mid Devon,2018,Half-Hourly,381,134782696
E07000043,North Devon,2018,Half-Hourly,545,190713009.6208219
E07000044,South Hams,2018,Half-Hourly,470,182909759.9764383
E07000045,Teignbridge,2018,Half-Hourly,574,174235517.6
E07000046,Torridge,2018,Half-Hourly,330,73860379.99999999
E07000047,West Devon,2018,Half-Hourly,229,95224162.97917809
E07000061,Eastbourne,2018,Half-Hourly,403,135346517.9
E07000062,Hastings,2018,Half-Hourly,303,103287779.5
E07000063,Lewes,2018,Half-Hourly,353,96149794.9
E07000064,Rother,2018,Half-Hourly,303,110711099.4
E07000065,Wealden,2018,Half-Hourly,497,119503839.8
E07000066,Basildon,2018,Half-Hourly,693,344228862.4
E07000067,Braintree,2018,Half-Hourly,582,193831748.2
E07000068,Brentwood,2018,Half-Hourly,313,92827389.80000001
E07000069,Castle Point,2018,Half-Hourly,198,54709234.80000002
E07000070,Chelmsford,2018,Half-Hourly,752,307878825.0999999
E07000071,Colchester,2018,Half-Hourly,732,269010792.2128767
E07000072,Epping Forest,2018,Half-Hourly,412,127730753.3808219
E07000073,Harlow,2018,Half-Hourly,434,197494450.9
E07000074,Maldon,2018,Half-Hourly,226,92364760.69999999
E07000075,Rochford,2018,Half-Hourly,232,85984598.5
E07000076,Tendring,2018,Half-Hourly,497,169739389.5
E07000077,Uttlesford,2018,Half-Hourly,286,166399011.0032877
E07000078,Cheltenham,2018,Half-Hourly,633,256661857.8
E07000079,Cotswold,2018,Half-Hourly,492,122886574.0389041
E07000080,Forest of Dean,2018,Half-Hourly,326,218965383
E07000081,Gloucester,2018,Half-Hourly,708,301488711.5150685
E07000082,Stroud,2018,Half-Hourly,522,263066111.2151
E07000083,Tewkesbury,2018,Half-Hourly,476,285438411.0671233
E07000084,Basingstoke and Deane,2018,Half-Hourly,815,426447875.2726028
E07000085,East Hampshire,2018,Half-Hourly,419,136754977
E07000086,Eastleigh,2018,Half-Hourly,459,260583495.9
E07000087,Fareham,2018,Half-Hourly,418,193928116.3
E07000088,Gosport,2018,Half-Hourly,226,115052901.2
E07000089,Hart,2018,Half-Hourly,332,199652881.5000001
E07000090,Havant,2018,Half-Hourly,365,153648825.6235616
E07000091,New Forest,2018,Half-Hourly,678,330492738.9999999
E07000092,Rushmoor,2018,Half-Hourly,437,204842077.5
E07000093,Test Valley,2018,Half-Hourly,629,247247277.1350684
E07000094,Winchester,2018,Half-Hourly,614,278306299
E07000095,Broxbourne,2018,Half-Hourly,347,170258056.3863014
E07000096,Dacorum,2018,Half-Hourly,584,307705607.3000001
E07000098,Hertsmere,2018,Half-Hourly,465,220164950.3013699
E07000099,North Hertfordshire,2018,Half-Hourly,565,227049643.3
E07000102,Three Rivers,2018,Half-Hourly,237,131014456.4
E07000103,Watford,2018,Half-Hourly,505,265070480.5
E07000105,Ashford,2018,Half-Hourly,552,197760022
E07000106,Canterbury,2018,Half-Hourly,590,236829318.8999999
E07000107,Dartford,2018,Half-Hourly,541,202614735.8
E07000108,Dover,2018,Half-Hourly,397,178066083.9
E07000109,Gravesham,2018,Half-Hourly,273,240330140.5
E07000110,Maidstone,2018,Half-Hourly,636,278844865.0000001
E07000111,Sevenoaks,2018,Half-Hourly,420,134895477.3882191
E07000112,Folkestone and Hythe,2018,Half-Hourly,366,183178814.7
E07000113,Swale,2018,Half-Hourly,567,363958443.2000001
E07000114,Thanet,2018,Half-Hourly,463,212757196.6
E07000115,Tonbridge and Malling,2018,Half-Hourly,575,232898116.6
E07000116,Tunbridge Wells,2018,Half-Hourly,550,219009908.4
E07000117,Burnley,2018,Half-Hourly,361,164426594.4
E07000118,Chorley,2018,Half-Hourly,346,148438624.2
E07000119,Fylde,2018,Half-Hourly,316,174433667.9786302
E07000120,Hyndburn,2018,Half-Hourly,326,139956912.5
E07000121,Lancaster,2018,Half-Hourly,594,237542688.4
E07000122,Pendle,2018,Half-Hourly,321,173242892
E07000123,Preston,2018,Half-Hourly,692,281601364.8
E07000124,Ribble Valley,2018,Half-Hourly,212,281267565.0323287
E07000125,Rossendale,2018,Half-Hourly,220,149486511.9
E07000126,South Ribble,2018,Half-Hourly,429,236652247.1
E07000127,West Lancashire,2018,Half-Hourly,470,306176074.4
E07000128,Wyre,2018,Half-Hourly,381,244335974.6
E07000129,Blaby,2018,Half-Hourly,407,203061952.4
E07000130,Charnwood,2018,Half-Hourly,591,355077895.9
E07000131,Harborough,2018,Half-Hourly,350,132541586.6
E07000132,Hinckley and Bosworth,2018,Half-Hourly,369,193653044.6
E07000133,Melton,2018,Half-Hourly,201,143912248.5
E07000134,North West Leicestershire,2018,Half-Hourly,455,339643817.2
E07000135,Oadby and Wigston,2018,Half-Hourly,174,75188947.19999999
E07000136,Boston,2018,Half-Hourly,315,161782700.2
E07000137,East Lindsey,2018,Half-Hourly,702,295364429.9452055
E07000138,Lincoln,2018,Half-Hourly,437,212882457.2999999
E07000139,North Kesteven,2018,Half-Hourly,382,208937526.3980822
E07000140,South Holland,2018,Half-Hourly,371,284774069.1
E07000141,South Kesteven,2018,Half-Hourly,485,284788007.4
E07000142,West Lindsey,2018,Half-Hourly,442,169768660.7
E07000143,Breckland,2018,Half-Hourly,715,251371705.3999999
E07000144,Broadland,2018,Half-Hourly,477,186977793.3
E07000145,Great Yarmouth,2018,Half-Hourly,518,128727817.9
E07000146,King's Lynn and West Norfolk,2018,Half-Hourly,836,510374623.0939727
E07000147,North Norfolk,2018,Half-Hourly,603,189773235.3
E07000148,Norwich,2018,Half-Hourly,788,276410379.8131506
E07000149,South Norfolk,2018,Half-Hourly,514,232829922.260548
E07000170,Ashfield,2018,Half-Hourly,490,295402503.5
E07000171,Bassetlaw,2018,Half-Hourly,508,294387047.8
E07000172,Broxtowe,2018,Half-Hourly,310,112366771.1115069
E07000173,Gedling,2018,Half-Hourly,285,108426802.7
E07000174,Mansfield,2018,Half-Hourly,389,188989371.7
E07000175,Newark and Sherwood,2018,Half-Hourly,486,250969913.5726027
E07000176,Rushcliffe,2018,Half-Hourly,301,162237003.6
E07000177,Cherwell,2018,Half-Hourly,814,369927216.4945205
E07000178,Oxford,2018,Half-Hourly,852,510155327.3000001
E07000179,South Oxfordshire,2018,Half-Hourly,538,402984175.0000001
E07000180,Vale of White Horse,2018,Half-Hourly,619,403374025.9999999
E07000181,West Oxfordshire,2018,Half-Hourly,426,231200011.8161644
E07000192,Cannock Chase,2018,Half-Hourly,488,153079809.9
E07000193,East Staffordshire,2018,Half-Hourly,546,396640937.4032876
E07000194,Lichfield,2018,Half-Hourly,558,213114932.4
E07000195,Newcastle-under-Lyme,2018,Half-Hourly,536,231322198.5049315
E07000196,South Staffordshire,2018,Half-Hourly,491,240873488.3
E07000197,Stafford,2018,Half-Hourly,746,289356316.5712329
E07000198,Staffordshire Moorlands,2018,Half-Hourly,371,276027692.3
E07000199,Tamworth,2018,Half-Hourly,319,137380967.7
E07000200,Babergh,2018,Half-Hourly,386,157981820.3
E07000202,Ipswich,2018,Half-Hourly,604,192825326.2
E07000203,Mid Suffolk,2018,Half-Hourly,404,186779898.5846575
E07000207,Elmbridge,2018,Half-Hourly,571,195046802.9947945
E07000208,Epsom and Ewell,2018,Half-Hourly,240,66750317.20000001
E07000209,Guildford,2018,Half-Hourly,693,268630129.390137
E07000210,Mole Valley,2018,Half-Hourly,385,201133571.2
E07000211,Reigate and Banstead,2018,Half-Hourly,524,290986117.3
E07000212,Runnymede,2018,Half-Hourly,428,210623622.4999999
E07000213,Spelthorne,2018,Half-Hourly,412,160739858.3
E07000214,Surrey Heath,2018,Half-Hourly,406,194037819.6000001
E07000215,Tandridge,2018,Half-Hourly,296,88002747.4
E07000216,Waverley,2018,Half-Hourly,400,109579257.1
E07000217,Woking,2018,Half-Hourly,445,359866401.7
E07000218,North Warwickshire,2018,Half-Hourly,390,378564683.5
E07000219,Nuneaton and Bedworth,2018,Half-Hourly,448,165086274.6
E07000220,Rugby,2018,Half-Hourly,484,403404053.0594521
E07000221,Stratford-on-Avon,2018,Half-Hourly,777,288110096.02877
E07000222,Warwick,2018,Half-Hourly,619,301194623.2999999
E07000223,Adur,2018,Half-Hourly,221,98714182
E07000224,Arun,2018,Half-Hourly,506,144149325.4
E07000225,Chichester,2018,Half-Hourly,563,227996044.9
E07000226,Crawley,2018,Half-Hourly,613,444273711.5
E07000227,Horsham,2018,Half-Hourly,585,182062434.9999999
E07000228,Mid Sussex,2018,Half-Hourly,592,174353023.8999999
E07000229,Worthing,2018,Half-Hourly,373,132919477.5
E07000234,Bromsgrove,2018,Half-Hourly,433,116383280.6
E07000235,Malvern Hills,2018,Half-Hourly,374,105154031.6331507
E07000236,Redditch,2018,Half-Hourly,520,190938622.1
E07000237,Worcester,2018,Half-Hourly,544,210804355.5000001
E07000238,Wychavon,2018,Half-Hourly,727,351480179.6
E07000239,Wyre Forest,2018,Half-Hourly,514,174975263.0536986
E07000240,St Albans,2018,Half-Hourly,527,159624251.7367123
E07000241,Welwyn Hatfield,2018,Half-Hourly,484,442292890.2
E07000242,East Hertfordshire,2018,Half-Hourly,545,189941554.3
E07000243,Stevenage,2018,Half-Hourly,351,204886555.2
E07000244,East Suffolk,2018,Half-Hourly,1050,490496114
E07000245,West Suffolk,2018,Half-Hourly,1022,477210218.0000001
E08000001,Bolton,2018,Half-Hourly,1022,412457154.5
E08000002,Bury,2018,Half-Hourly,566,267497477.7186301
E08000003,Manchester,2018,Half-Hourly,2813,1568466184.400001
E08000004,Oldham,2018,Half-Hourly,769,352082809.0000001
E08000005,Rochdale,2018,Half-Hourly,727,400681281.5999999
E08000006,Salford,2018,Half-Hourly,1142,482107346.6
E08000007,Stockport,2018,Half-Hourly,1050,413427655.0000001
E08000008,Tameside,2018,Half-Hourly,718,329101158.3000001
E08000009,Trafford,2018,Half-Hourly,1261,891445111
E08000010,Wigan,2018,Half-Hourly,1011,528459675.5306012
E08000011,Knowsley,2018,Half-Hourly,457,436847188.5000001
E08000012,Liverpool,2018,Half-Hourly,2159,976048537.2999998
E08000013,St. Helens,2018,Half-Hourly,625,391041952.8
E08000014,Sefton,2018,Half-Hourly,875,302577469.2999999
E08000015,Wirral,2018,Half-Hourly,883,377905333.6
E08000017,Doncaster,2018,Half-Hourly,1260,686075702.7356168
E08000018,Rotherham,2018,Half-Hourly,1066,544567495.0999999
E08000021,Newcastle upon Tyne,2018,Half-Hourly,2264,667720463.5000004
E08000022,North Tyneside,2018,Half-Hourly,1183,411322703.4000001
E08000023,South Tyneside,2018,Half-Hourly,857,172766565.3
E08000024,Sunderland,2018,Half-Hourly,1696,742040392.9
E08000025,Birmingham,2018,Half-Hourly,5724,2171469503.97233
E08000026,Coventry,2018,Half-Hourly,1187,673725897.4999994
E08000027,Dudley,2018,Half-Hourly,1532,453118954.2
E08000028,Sandwell,2018,Half-Hourly,1899,735481079.0999998
E08000029,Solihull,2018,Half-Hourly,1078,589734366.7
E08000030,Walsall,2018,Half-Hourly,1331,438680904.770959
E08000031,Wolverhampton,2018,Half-Hourly,1340,462911826.3999997
E08000032,Bradford,2018,Half-Hourly,1908,825515456.1602736
E08000033,Calderdale,2018,Half-Hourly,843,381784019.5999999
E08000034,Kirklees,2018,Half-Hourly,1569,676355839.3227397
E08000035,Leeds,2018,Half-Hourly,3720,1747015756.700001
E08000036,Wakefield,2018,Half-Hourly,1425,1007072575.6096
E08000037,Gateshead,2018,Half-Hourly,1538,478472085.4
E08000038,Barnsley,2018,Half-Hourly,803,470772007.1000001
E08000039,Sheffield,2018,Half-Hourly,2464,1171777792.1
E09000001,City of London,2018,Half-Hourly,2093,1980801111.399999
E09000002,Barking and Dagenham,2018,Half-Hourly,602,289041485
E09000003,Barnet,2018,Half-Hourly,1028,330372407.9142466
E09000004,Bexley,2018,Half-Hourly,638,321064646.9
E09000005,Brent,2018,Half-Hourly,1021,615874039.0000001
E09000006,Bromley,2018,Half-Hourly,801,272131289.3999999
E09000007,Camden,2018,Half-Hourly,2030,1061537742.499999
E09000008,Croydon,2018,Half-Hourly,1149,510247769.9000002
E09000009,Ealing,2018,Half-Hourly,1234,718360257.6999999
E09000010,Enfield,2018,Half-Hourly,832,401697974.3123288
E09000011,Greenwich,2018,Half-Hourly,949,344260641.2
E09000012,Hackney,2018,Half-Hourly,797,382935669
E09000013,Hammersmith and Fulham,2018,Half-Hourly,941,557752041.6863012
E09000014,Haringey,2018,Half-Hourly,664,285331293.230137
E09000015,Harrow,2018,Half-Hourly,536,128256549.7
E09000016,Havering,2018,Half-Hourly,723,289368171.2712328
E09000017,Hillingdon,2018,Half-Hourly,1202,999504801.4999998
E09000018,Hounslow,2018,Half-Hourly,1126,812797913.9999998
E09000019,Islington,2018,Half-Hourly,1210,587246714.1000003
E09000020,Kensington and Chelsea,2018,Half-Hourly,1261,687442874.0999999
E09000021,Kingston upon Thames,2018,Half-Hourly,669,269147353.5
E09000022,Lambeth,2018,Half-Hourly,955,455823063.6263012
E09000023,Lewisham,2018,Half-Hourly,656,166280697.5
E09000024,Merton,2018,Half-Hourly,658,402024137.860274
E09000025,Newham,2018,Half-Hourly,1079,882031938.9
E09000026,Redbridge,2018,Half-Hourly,539,155954426.5347945
E09000027,Richmond upon Thames,2018,Half-Hourly,641,215606349.4723288
E09000028,Southwark,2018,Half-Hourly,1355,947961015.6000003
E09000029,Sutton,2018,Half-Hourly,522,287998701
E09000030,Tower Hamlets,2018,Half-Hourly,2522,2111627333.228494
E09000031,Waltham Forest,2018,Half-Hourly,582,225293599.1
E09000032,Wandsworth,2018,Half-Hourly,1046,315761373.7015625
E09000033,Westminster,2018,Half-Hourly,5133,2586446014.609315
S12000005,Clackmannanshire,2018,Half-Hourly,177,194036115.1482192
S12000006,Dumfries and Galloway,2018,Half-Hourly,751,382144581.0000001
S12000008,East Ayrshire,2018,Half-Hourly,389,176207986.3
S12000010,East Lothian,2018,Half-Hourly,336,245254778.4
S12000011,East Renfrewshire,2018,Half-Hourly,199,46940132.7
S12000013,Na h-Eileanan Siar,2018,Half-Hourly,149,38244341.00000001
S12000014,Falkirk,2018,Half-Hourly,553,342979594.3849423
S12000017,Highland,2018,Half-Hourly,1485,678557032.1999999
S12000018,Inverclyde,2018,Half-Hourly,304,136813863.289863
S12000019,Midlothian,2018,Half-Hourly,355,172020321.5000001
S12000020,Moray,2018,Half-Hourly,440,238820974.2
S12000021,North Ayrshire,2018,Half-Hourly,483,356834266.0999999
S12000023,Orkney Islands,2018,Half-Hourly,144,30603924
S12000026,Scottish Borders,2018,Half-Hourly,473,198727895.7
S12000027,Shetland Islands,2018,Half-Hourly,154,61294090.8879452
S12000028,South Ayrshire,2018,Half-Hourly,487,203390027.9
S12000029,South Lanarkshire,2018,Half-Hourly,1407,421705098.0882194
S12000030,Stirling,2018,Half-Hourly,486,218974121.1
S12000033,Aberdeen City,2018,Half-Hourly,1596,606305174.8000002
S12000034,Aberdeenshire,2018,Half-Hourly,1366,488528506.3000002
S12000035,Argyll and Bute,2018,Half-Hourly,507,144014711.4
S12000036,City of Edinburgh,2018,Half-Hourly,2318,1156972082.9
S12000038,Renfrewshire,2018,Half-Hourly,796,398979165.1000001
S12000039,West Dunbartonshire,2018,Half-Hourly,335,144820804.3852055
S12000040,West Lothian,2018,Half-Hourly,793,431582802.308767
S12000041,Angus,2018,Half-Hourly,562,216668719.1
S12000042,Dundee City,2018,Half-Hourly,731,281451227.1
S12000045,East Dunbartonshire,2018,Half-Hourly,268,122524770.2
S12000047,Fife,2018,Half-Hourly,1494,723407512.9704111
S12000048,Perth and Kinross,2018,Half-Hourly,835,272367915.5000001
S12000049,Glasgow City,2018,Half-Hourly,3260,1431835460.173701
S12000050,North Lanarkshire,2018,Half-Hourly,1312,633307841.0999999
W06000001,Isle of Anglesey / Ynys Môn,2018,Half-Hourly,305,104157111.4
W06000002,Gwynedd / Gwynedd,2018,Half-Hourly,658,188908212.5150684
W06000003,Conwy / Conwy,2018,Half-Hourly,554,121025959.7958904
W06000004,Denbighshire / Sir Ddinbych,2018,Half-Hourly,415,139167616.1
W06000005,Flintshire / Sir y Fflint,2018,Half-Hourly,637,733945654.4999999
W06000006,Wrexham / Wrecsam,2018,Half-Hourly,566,585739612.338
W06000008,Ceredigion / Ceredigion,2018,Half-Hourly,346,117349644.2
W06000009,Pembrokeshire / Sir Benfro,2018,Half-Hourly,589,602382743.2
W06000010,Carmarthenshire / Sir Gaerfyrddin,2018,Half-Hourly,788,431764512.3
W06000011,Swansea / Abertawe,2018,Half-Hourly,1079,446695217.7863014
W06000012,Neath Port Talbot / Castell-nedd Port Talbot,2018,Half-Hourly,528,1020716102.623836
W06000013,Bridgend / Pen-y-bont ar Ogwr,2018,Half-Hourly,572,337093868.1
W06000014,Vale of Glamorgan / Bro Morgannwg,2018,Half-Hourly,372,322610246.6
W06000015,Cardiff / Caerdydd,2018,Half-Hourly,1683,884175906.0000001
W06000016,Rhondda Cynon Taf / Rhondda Cynon Taf,2018,Half-Hourly,764,326218523.6
W06000018,Caerphilly / Caerffili,2018,Half-Hourly,551,317065901.3
W06000019,Blaenau Gwent / Blaenau Gwent,2018,Half-Hourly,250,127513121.8
W06000020,Torfaen / Torfaen,2018,Half-Hourly,349,231782672.8
W06000021,Monmouthshire / Sir Fynwy,2018,Half-Hourly,364,183838567.0567123
W06000022,Newport / Casnewydd,2018,Half-Hourly,625,605088579.9999999
W06000023,Powys / Powys,2018,Half-Hourly,704,204410130
W06000024,Merthyr Tydfil / Merthyr Tudful,2018,Half-Hourly,233,103572166.8
E06000001,Hartlepool,2019,Half-Hourly,589,283776667.6934246
E06000002,Middlesbrough,2019,Half-Hourly,921,212150591.9709589
E06000003,Redcar and Cleveland,2019,Half-Hourly,642,554095837.0156164
E06000004,Stockton-on-Tees,2019,Half-Hourly,1271,933714717.6758903
E06000005,Darlington,2019,Half-Hourly,643,232816426.9254794
E06000006,Halton,2019,Half-Hourly,630,422726752.9975342
E06000007,Warrington,2019,Half-Hourly,999,482555154.2947943
E06000008,Blackburn with Darwen,2019,Half-Hourly,659,319955595.4
E06000009,Blackpool,2019,Half-Hourly,617,217857566.0999999
E06000010,"Kingston upon Hull, City of",2019,Half-Hourly,1356,613419866.7857535
E06000011,East Riding of Yorkshire,2019,Half-Hourly,1678,854218430.1583562
E06000012,North East Lincolnshire,2019,Half-Hourly,655,515215828.9504109
E06000013,North Lincolnshire,2019,Half-Hourly,909,868326965.3454795
E06000014,York,2019,Half-Hourly,1314,339134453.1487671
E06000015,Derby,2019,Half-Hourly,957,525785429.9213699
E06000016,Leicester,2019,Half-Hourly,1482,689946489.7032876
E06000017,Rutland,2019,Half-Hourly,157,239804553.4232877
E06000018,Nottingham,2019,Half-Hourly,1532,594633854.8558903
E06000019,"Herefordshire, County of",2019,Half-Hourly,1136,470997269.0063015
E06000020,Telford and Wrekin,2019,Half-Hourly,1014,531001218.4183562
E06000021,Stoke-on-Trent,2019,Half-Hourly,1331,482534128.8342466
E06000022,Bath and North East Somerset,2019,Half-Hourly,883,235155479.5484931
E06000023,"Bristol, City of",2019,Half-Hourly,2505,885653947.2367121
E06000024,North Somerset,2019,Half-Hourly,850,302930544.7813697
E06000025,South Gloucestershire,2019,Half-Hourly,1406,621669170.8161645
E06000026,Plymouth,2019,Half-Hourly,1053,409827791.2816438
E06000027,Torbay,2019,Half-Hourly,669,148640272.9915068
E06000030,Swindon,2019,Half-Hourly,996,596188211.9761645
E06000031,Peterborough,2019,Half-Hourly,990,509592307.6298629
E06000032,Luton,2019,Half-Hourly,729,333643473.739452
E06000033,Southend-on-Sea,2019,Half-Hourly,565,197380783.9219178
E06000034,Thurrock,2019,Half-Hourly,745,634268640.790411
E06000035,Medway,2019,Half-Hourly,832,312427811.2989042
E06000036,Bracknell Forest,2019,Half-Hourly,486,267652579.8126027
E06000037,West Berkshire,2019,Half-Hourly,852,447019202.148219
E06000038,Reading,2019,Half-Hourly,903,393094049.3435616
E06000039,Slough,2019,Half-Hourly,822,1084132213.666575
E06000040,Windsor and Maidenhead,2019,Half-Hourly,798,317576487.4065754
E06000041,Wokingham,2019,Half-Hourly,575,293654058.869315
E06000042,Milton Keynes,2019,Half-Hourly,1458,814177325.1172601
E06000043,Brighton and Hove,2019,Half-Hourly,1049,323900352.4142465
E06000044,Portsmouth,2019,Half-Hourly,920,492208254.6630137
E06000045,Southampton,2019,Half-Hourly,966,383066243.5972604
E06000046,Isle of Wight,2019,Half-Hourly,562,189705458.6000001
E06000047,County Durham,2019,Half-Hourly,2897,924438206.9394523
E06000049,Cheshire East,2019,Half-Hourly,1710,785109998.325208
E06000050,Cheshire West and Chester,2019,Half-Hourly,1632,1350065444.484109
E06000051,Shropshire,2019,Half-Hourly,1707,622188162.6273973
E06000052,Cornwall,2019,Half-Hourly,2892,928183848.0810957
E06000053,Isles of Scilly,2019,Half-Hourly,12,2745068.7
E06000054,Wiltshire,2019,Half-Hourly,1927,911967677.7561647
E06000055,Bedford,2019,Half-Hourly,783,348072593.8994532
E06000056,Central Bedfordshire,2019,Half-Hourly,1010,482606284.0421916
E06000057,Northumberland,2019,Half-Hourly,1892,780459870.2747921
E06000058,"Bournemouth, Christchurch and Poole",2019,Half-Hourly,1569,642028779.6073974
E06000059,Dorset,2019,Half-Hourly,1586,615426941.9983561
E06000060,Buckinghamshire,2019,Half-Hourly,2135,727368068.9520547
E06000061,North Northamptonshire,2019,Half-Hourly,1468,860216335.852603
E06000062,West Northamptonshire,2019,Half-Hourly,1692,855977096.9895891
E06000063,Cumberland,2019,Half-Hourly,1269,566472780.6999999
E06000064,Westmorland and Furness,2019,Half-Hourly,1149,743846878.500274
E06000065,North Yorkshire,2019,Half-Hourly,4207,1514012694.633476
E06000066,Somerset,2019,Half-Hourly,2635,1038249074.396986
E07000008,Cambridge,2019,Half-Hourly,943,485115555.1556162
E07000009,East Cambridgeshire,2019,Half-Hourly,409,192389925.0306849
E07000010,Fenland,2019,Half-Hourly,522,278288797.4915069
E07000011,Huntingdonshire,2019,Half-Hourly,865,423565937.6572603
E07000012,South Cambridgeshire,2019,Half-Hourly,814,425901904.1964385
E07000032,Amber Valley,2019,Half-Hourly,485,288776542.2084931
E07000033,Bolsover,2019,Half-Hourly,271,220424987.9583562
E07000034,Chesterfield,2019,Half-Hourly,469,188864961.9550685
E07000035,Derbyshire Dales,2019,Half-Hourly,292,191455456.9378082
E07000036,Erewash,2019,Half-Hourly,359,167291866.6794521
E07000037,High Peak,2019,Half-Hourly,359,548373854.2
E07000038,North East Derbyshire,2019,Half-Hourly,278,220015950.3147946
E07000039,South Derbyshire,2019,Half-Hourly,302,299347168.249315
E07000040,East Devon,2019,Half-Hourly,629,148083455.2950685
E07000041,Exeter,2019,Half-Hourly,799,313108373.9000001
E07000042,Mid Devon,2019,Half-Hourly,393,131346303.9534247
E07000043,North Devon,2019,Half-Hourly,550,190376832.5473972
E07000044,South Hams,2019,Half-Hourly,480,159378591.640548
E07000045,Teignbridge,2019,Half-Hourly,588,151936474.8684931
E07000046,Torridge,2019,Half-Hourly,329,69635300.64931507
E07000047,West Devon,2019,Half-Hourly,234,97043768.6
E07000061,Eastbourne,2019,Half-Hourly,413,132192887.1172603
E07000062,Hastings,2019,Half-Hourly,310,101667142.9309589
E07000063,Lewes,2019,Half-Hourly,363,96531000.32986303
E07000064,Rother,2019,Half-Hourly,316,108525055.0276712
E07000065,Wealden,2019,Half-Hourly,512,119394014.8758904
E07000066,Basildon,2019,Half-Hourly,718,454269071.1054795
E07000067,Braintree,2019,Half-Hourly,592,188008203.7791781
E07000068,Brentwood,2019,Half-Hourly,317,93073333.75890411
E07000069,Castle Point,2019,Half-Hourly,213,53490696.20000002
E07000070,Chelmsford,2019,Half-Hourly,782,306192039.7652054
E07000071,Colchester,2019,Half-Hourly,755,270043177.809589
E07000072,Epping Forest,2019,Half-Hourly,428,127601578.1322972
E07000073,Harlow,2019,Half-Hourly,444,193956407.6367123
E07000074,Maldon,2019,Half-Hourly,234,91100515.70931506
E07000075,Rochford,2019,Half-Hourly,240,84201568.7
E07000076,Tendring,2019,Half-Hourly,512,157769957.1345206
E07000077,Uttlesford,2019,Half-Hourly,297,163557103.8835617
E07000078,Cheltenham,2019,Half-Hourly,646,259745116.2671233
E07000079,Cotswold,2019,Half-Hourly,500,121982021.3328767
E07000080,Forest of Dean,2019,Half-Hourly,335,204571910.1
E07000081,Gloucester,2019,Half-Hourly,723,290462330.3767123
E07000082,Stroud,2019,Half-Hourly,541,256360024.9326027
E07000083,Tewkesbury,2019,Half-Hourly,495,260802692.4
E07000084,Basingstoke and Deane,2019,Half-Hourly,834,426006059.8471234
E07000085,East Hampshire,2019,Half-Hourly,432,135365955.4610959
E07000086,Eastleigh,2019,Half-Hourly,471,261217278.5482192
E07000087,Fareham,2019,Half-Hourly,440,187287323.5252054
E07000088,Gosport,2019,Half-Hourly,230,110974143.560274
E07000089,Hart,2019,Half-Hourly,332,218310688.2493151
E07000090,Havant,2019,Half-Hourly,382,145395225.830411
E07000091,New Forest,2019,Half-Hourly,701,322579421.9736986
E07000092,Rushmoor,2019,Half-Hourly,434,186865173.1013699
E07000093,Test Valley,2019,Half-Hourly,644,238374554.1156165
E07000094,Winchester,2019,Half-Hourly,643,273824566.0172603
E07000095,Broxbourne,2019,Half-Hourly,354,164227445.7068493
E07000096,Dacorum,2019,Half-Hourly,608,323979868.2747945
E07000098,Hertsmere,2019,Half-Hourly,461,209232691.015067
E07000099,North Hertfordshire,2019,Half-Hourly,586,204404566.8586302
E07000102,Three Rivers,2019,Half-Hourly,232,129481679.1336986
E07000103,Watford,2019,Half-Hourly,522,257465410.9238357
E07000105,Ashford,2019,Half-Hourly,587,190853321.1
E07000106,Canterbury,2019,Half-Hourly,624,236602542.7246576
E07000107,Dartford,2019,Half-Hourly,557,190992000.9635617
E07000108,Dover,2019,Half-Hourly,413,150487734.42
E07000109,Gravesham,2019,Half-Hourly,287,248600237.2
E07000110,Maidstone,2019,Half-Hourly,662,271951724.1673972
E07000111,Sevenoaks,2019,Half-Hourly,432,129298750.0150685
E07000112,Folkestone and Hythe,2019,Half-Hourly,371,167589689.7
E07000113,Swale,2019,Half-Hourly,588,337256814.3761643
E07000114,Thanet,2019,Half-Hourly,461,192729501.0958905
E07000115,Tonbridge and Malling,2019,Half-Hourly,588,241337594.9
E07000116,Tunbridge Wells,2019,Half-Hourly,557,218731301.5690411
E07000117,Burnley,2019,Half-Hourly,365,168797662.6
E07000118,Chorley,2019,Half-Hourly,356,149276661.8
E07000119,Fylde,2019,Half-Hourly,323,171894631.2
E07000120,Hyndburn,2019,Half-Hourly,331,137676800.5
E07000121,Lancaster,2019,Half-Hourly,602,236795508.8999999
E07000122,Pendle,2019,Half-Hourly,332,172587411.1542466
E07000123,Preston,2019,Half-Hourly,709,269037172.1000001
E07000124,Ribble Valley,2019,Half-Hourly,222,275747021.6
E07000125,Rossendale,2019,Half-Hourly,221,150019114.3
E07000126,South Ribble,2019,Half-Hourly,436,231730262.3
E07000127,West Lancashire,2019,Half-Hourly,482,316468125.6254795
E07000128,Wyre,2019,Half-Hourly,389,248475039.9
E07000129,Blaby,2019,Half-Hourly,423,195979173.0189041
E07000130,Charnwood,2019,Half-Hourly,609,343232817.5742465
E07000131,Harborough,2019,Half-Hourly,358,130056743.2805479
E07000132,Hinckley and Bosworth,2019,Half-Hourly,384,188369751.219452
E07000133,Melton,2019,Half-Hourly,207,143500620.8520548
E07000134,North West Leicestershire,2019,Half-Hourly,491,350053544.3490412
E07000135,Oadby and Wigston,2019,Half-Hourly,177,73508155.65369862
E07000136,Boston,2019,Half-Hourly,328,158358663.7210959
E07000137,East Lindsey,2019,Half-Hourly,720,293693135.8293152
E07000138,Lincoln,2019,Half-Hourly,452,202867259.3917809
E07000139,North Kesteven,2019,Half-Hourly,397,207982578.6989041
E07000140,South Holland,2019,Half-Hourly,378,279659485.289863
E07000141,South Kesteven,2019,Half-Hourly,502,281050943.3383562
E07000142,West Lindsey,2019,Half-Hourly,458,173915751.6849315
E07000143,Breckland,2019,Half-Hourly,741,239357289.9257533
E07000144,Broadland,2019,Half-Hourly,489,182704274.0282192
E07000145,Great Yarmouth,2019,Half-Hourly,540,127564274.4
E07000146,King's Lynn and West Norfolk,2019,Half-Hourly,854,441115894.3958904
E07000147,North Norfolk,2019,Half-Hourly,617,188064921.4394521
E07000148,Norwich,2019,Half-Hourly,802,261919208.2172603
E07000149,South Norfolk,2019,Half-Hourly,535,212969697.6632877
E07000170,Ashfield,2019,Half-Hourly,507,282378497.250411
E07000171,Bassetlaw,2019,Half-Hourly,527,285349848.8863013
E07000172,Broxtowe,2019,Half-Hourly,324,110039924.9024657
E07000173,Gedling,2019,Half-Hourly,297,106919612.1484932
E07000174,Mansfield,2019,Half-Hourly,395,185729774.0238356
E07000175,Newark and Sherwood,2019,Half-Hourly,502,242084776.4687672
E07000176,Rushcliffe,2019,Half-Hourly,305,166801727.5630137
E07000177,Cherwell,2019,Half-Hourly,845,383660643.4684932
E07000178,Oxford,2019,Half-Hourly,888,504016310.2191781
E07000179,South Oxfordshire,2019,Half-Hourly,559,385730467.4786302
E07000180,Vale of White Horse,2019,Half-Hourly,637,403686386.2824658
E07000181,West Oxfordshire,2019,Half-Hourly,441,227686777.1468493
E07000192,Cannock Chase,2019,Half-Hourly,503,143400115.6150685
E07000193,East Staffordshire,2019,Half-Hourly,553,389907372.8104109
E07000194,Lichfield,2019,Half-Hourly,575,208978129.220274
E07000195,Newcastle-under-Lyme,2019,Half-Hourly,546,226597256.7723288
E07000196,South Staffordshire,2019,Half-Hourly,493,247272772.5717808
E07000197,Stafford,2019,Half-Hourly,766,277022919.118904
E07000198,Staffordshire Moorlands,2019,Half-Hourly,379,254188094.6843836
E07000199,Tamworth,2019,Half-Hourly,324,130867386.180274
E07000200,Babergh,2019,Half-Hourly,395,153958471.1676712
E07000202,Ipswich,2019,Half-Hourly,624,183914706.5284932
E07000203,Mid Suffolk,2019,Half-Hourly,427,205356377.1665754
E07000207,Elmbridge,2019,Half-Hourly,578,185451088.7635617
E07000208,Epsom and Ewell,2019,Half-Hourly,251,64877668.31095888
E07000209,Guildford,2019,Half-Hourly,710,263673175.0347945
E07000210,Mole Valley,2019,Half-Hourly,392,202454415.009589
E07000211,Reigate and Banstead,2019,Half-Hourly,537,288655757.0904109
E07000212,Runnymede,2019,Half-Hourly,438,206073149.1013699
E07000213,Spelthorne,2019,Half-Hourly,420,164227618.1975343
E07000214,Surrey Heath,2019,Half-Hourly,409,172199338.9235617
E07000215,Tandridge,2019,Half-Hourly,309,86362431.03342468
E07000216,Waverley,2019,Half-Hourly,411,107979829.3164384
E07000217,Woking,2019,Half-Hourly,448,377640100.8046575
E07000218,North Warwickshire,2019,Half-Hourly,398,375853773.2821918
E07000219,Nuneaton and Bedworth,2019,Half-Hourly,458,158211742.9767123
E07000220,Rugby,2019,Half-Hourly,500,404702993.0879451
E07000221,Stratford-on-Avon,2019,Half-Hourly,808,290195651.32137
E07000222,Warwick,2019,Half-Hourly,643,285484831.7024657
E07000223,Adur,2019,Half-Hourly,226,96706760.42876711
E07000224,Arun,2019,Half-Hourly,525,138891789.2558904
E07000225,Chichester,2019,Half-Hourly,578,225549463.3084932
E07000226,Crawley,2019,Half-Hourly,626,446930505.9986301
E07000227,Horsham,2019,Half-Hourly,603,178340327.3164383
E07000228,Mid Sussex,2019,Half-Hourly,604,173483559.6704109
E07000229,Worthing,2019,Half-Hourly,380,123995098
E07000234,Bromsgrove,2019,Half-Hourly,444,112142339.599452
E07000235,Malvern Hills,2019,Half-Hourly,382,102871005.6479452
E07000236,Redditch,2019,Half-Hourly,542,177885211.2128767
E07000237,Worcester,2019,Half-Hourly,553,201374836.4328766
E07000238,Wychavon,2019,Half-Hourly,760,337724714.3024658
E07000239,Wyre Forest,2019,Half-Hourly,523,171263326.4665754
E07000240,St Albans,2019,Half-Hourly,536,153213037.930411
E07000241,Welwyn Hatfield,2019,Half-Hourly,492,455693926.8032876
E07000242,East Hertfordshire,2019,Half-Hourly,556,198482776.0397259
E07000243,Stevenage,2019,Half-Hourly,360,201635606.9178082
E07000244,East Suffolk,2019,Half-Hourly,1097,466079212.0115068
E07000245,West Suffolk,2019,Half-Hourly,1047,464581479.5367123
E08000001,Bolton,2019,Half-Hourly,1045,405907044.2
E08000002,Bury,2019,Half-Hourly,588,260935638.4668493
E08000003,Manchester,2019,Half-Hourly,2884,1511401471.800001
E08000004,Oldham,2019,Half-Hourly,784,341918671.8000001
E08000005,Rochdale,2019,Half-Hourly,735,392801402.9000001
E08000006,Salford,2019,Half-Hourly,1191,464686136.7000001
E08000007,Stockport,2019,Half-Hourly,1058,421434417.7999998
E08000008,Tameside,2019,Half-Hourly,736,320881925.1999999
E08000009,Trafford,2019,Half-Hourly,1285,878572991.6999999
E08000010,Wigan,2019,Half-Hourly,1022,516025084.4306012
E08000011,Knowsley,2019,Half-Hourly,468,409539178.8367124
E08000012,Liverpool,2019,Half-Hourly,2346,946019897.8753426
E08000013,St. Helens,2019,Half-Hourly,649,391149455.4821919
E08000014,Sefton,2019,Half-Hourly,898,287896379.5367133
E08000015,Wirral,2019,Half-Hourly,917,362791879.0991782
E08000017,Doncaster,2019,Half-Hourly,1331,687335924.8471231
E08000018,Rotherham,2019,Half-Hourly,1116,529919224.6827397
E08000021,Newcastle upon Tyne,2019,Half-Hourly,2295,635609403.3142465
E08000022,North Tyneside,2019,Half-Hourly,1211,411223673.6994519
E08000023,South Tyneside,2019,Half-Hourly,878,168436281.869863
E08000024,Sunderland,2019,Half-Hourly,1723,702373151.193151
E08000025,Birmingham,2019,Half-Hourly,5807,2124510599.724654
E08000026,Coventry,2019,Half-Hourly,1249,664707954.0128765
E08000027,Dudley,2019,Half-Hourly,1565,438845994.6893148
E08000028,Sandwell,2019,Half-Hourly,1929,713089761.6602741
E08000029,Solihull,2019,Half-Hourly,1109,566750046.8849316
E08000030,Walsall,2019,Half-Hourly,1363,426137737.4997262
E08000031,Wolverhampton,2019,Half-Hourly,1379,455400677.9369861
E08000032,Bradford,2019,Half-Hourly,1963,829580614.3156167
E08000033,Calderdale,2019,Half-Hourly,867,369218666.890685
E08000034,Kirklees,2019,Half-Hourly,1605,642702404.5041096
E08000035,Leeds,2019,Half-Hourly,3872,1702529317.242191
E08000036,Wakefield,2019,Half-Hourly,1477,1000113904.479452
E08000037,Gateshead,2019,Half-Hourly,1550,466168320.9150686
E08000038,Barnsley,2019,Half-Hourly,835,472459677.4734248
E08000039,Sheffield,2019,Half-Hourly,2555,1134458741.309864
E09000001,City of London,2019,Half-Hourly,2104,1924787793.3
E09000002,Barking and Dagenham,2019,Half-Hourly,635,266915422.0564384
E09000003,Barnet,2019,Half-Hourly,1077,326528299.6032547
E09000004,Bexley,2019,Half-Hourly,656,327467039.3030137
E09000005,Brent,2019,Half-Hourly,1085,614460343.0578083
E09000006,Bromley,2019,Half-Hourly,845,266969977.2482191
E09000007,Camden,2019,Half-Hourly,2048,1029568111.208219
E09000008,Croydon,2019,Half-Hourly,1185,536891614.96
E09000009,Ealing,2019,Half-Hourly,1268,728408755.3353422
E09000010,Enfield,2019,Half-Hourly,864,393634725.4939726
E09000011,Greenwich,2019,Half-Hourly,1003,340037617.2945206
E09000012,Hackney,2019,Half-Hourly,840,391940269.9676713
E09000013,Hammersmith and Fulham,2019,Half-Hourly,981,544243909.7589041
E09000014,Haringey,2019,Half-Hourly,693,309326793.4043835
E09000015,Harrow,2019,Half-Hourly,547,123056167.3180822
E09000016,Havering,2019,Half-Hourly,739,279935966.9695891
E09000017,Hillingdon,2019,Half-Hourly,1221,1029041048.032055
E09000018,Hounslow,2019,Half-Hourly,1141,767077020.1372602
E09000019,Islington,2019,Half-Hourly,1260,554368622.4873974
E09000020,Kensington and Chelsea,2019,Half-Hourly,1293,727465025.889041
E09000021,Kingston upon Thames,2019,Half-Hourly,689,256857828.0161644
E09000022,Lambeth,2019,Half-Hourly,996,432746113.9254795
E09000023,Lewisham,2019,Half-Hourly,669,167348065.4027397
E09000024,Merton,2019,Half-Hourly,660,412017770.0268493
E09000025,Newham,2019,Half-Hourly,1110,867478927.2547945
E09000026,Redbridge,2019,Half-Hourly,551,150549285.4950686
E09000027,Richmond upon Thames,2019,Half-Hourly,649,210360094.4364382
E09000028,Southwark,2019,Half-Hourly,1399,810799992.300549
E09000029,Sutton,2019,Half-Hourly,541,278872820.1221918
E09000030,Tower Hamlets,2019,Half-Hourly,2548,2047083521.434794
E09000031,Waltham Forest,2019,Half-Hourly,597,215388565.4260274
E09000032,Wandsworth,2019,Half-Hourly,1103,327595815.0717809
E09000033,Westminster,2019,Half-Hourly,5263,2521502901.074246
S12000005,Clackmannanshire,2019,Half-Hourly,186,193596034.3390411
S12000006,Dumfries and Galloway,2019,Half-Hourly,767,366486615.6041095
S12000008,East Ayrshire,2019,Half-Hourly,409,171053545.0389041
S12000010,East Lothian,2019,Half-Hourly,350,230201034.5895891
S12000011,East Renfrewshire,2019,Half-Hourly,211,46468700.95123287
S12000013,Na h-Eileanan Siar,2019,Half-Hourly,149,40610263.8
S12000014,Falkirk,2019,Half-Hourly,569,332832304.6504109
S12000017,Highland,2019,Half-Hourly,1544,604786658.6698631
S12000018,Inverclyde,2019,Half-Hourly,310,133963324.2994521
S12000019,Midlothian,2019,Half-Hourly,360,165049593.6093151
S12000020,Moray,2019,Half-Hourly,456,235787763.6
S12000021,North Ayrshire,2019,Half-Hourly,498,366389242.5068493
S12000023,Orkney Islands,2019,Half-Hourly,146,33118175.4
S12000026,Scottish Borders,2019,Half-Hourly,492,192959107.1978082
S12000027,Shetland Islands,2019,Half-Hourly,162,58327402.30000001
S12000028,South Ayrshire,2019,Half-Hourly,512,195575619.7567123
S12000029,South Lanarkshire,2019,Half-Hourly,1453,410350986.7242739
S12000030,Stirling,2019,Half-Hourly,507,204794358.9709599
S12000033,Aberdeen City,2019,Half-Hourly,1608,575358630.258356
S12000034,Aberdeenshire,2019,Half-Hourly,1396,483585658.1123286
S12000035,Argyll and Bute,2019,Half-Hourly,524,147662844.4
S12000036,City of Edinburgh,2019,Half-Hourly,2388,1150978281.360274
S12000038,Renfrewshire,2019,Half-Hourly,814,393015670.077808
S12000039,West Dunbartonshire,2019,Half-Hourly,340,161609060.5956165
S12000040,West Lothian,2019,Half-Hourly,824,414946625.2309589
S12000041,Angus,2019,Half-Hourly,573,213199884.5279452
S12000042,Dundee City,2019,Half-Hourly,732,271946983.0989041
S12000045,East Dunbartonshire,2019,Half-Hourly,277,118077858.7830137
S12000047,Fife,2019,Half-Hourly,1526,703172879.7704111
S12000048,Perth and Kinross,2019,Half-Hourly,857,262256109.4095901
S12000049,Glasgow City,2019,Half-Hourly,3308,1376614469.124113
S12000050,North Lanarkshire,2019,Half-Hourly,1355,629171677.00137
W06000001,Isle of Anglesey / Ynys Môn,2019,Half-Hourly,316,104192752.5
W06000002,Gwynedd / Gwynedd,2019,Half-Hourly,674,185233392.6389041
W06000003,Conwy / Conwy,2019,Half-Hourly,566,123373894.3408219
W06000004,Denbighshire / Sir Ddinbych,2019,Half-Hourly,430,133156247.4876741
W06000005,Flintshire / Sir y Fflint,2019,Half-Hourly,663,752564694.5167123
W06000006,Wrexham / Wrecsam,2019,Half-Hourly,585,599598445.8926027
W06000008,Ceredigion / Ceredigion,2019,Half-Hourly,354,115717059.3561644
W06000009,Pembrokeshire / Sir Benfro,2019,Half-Hourly,608,780769798.948904
W06000010,Carmarthenshire / Sir Gaerfyrddin,2019,Half-Hourly,820,416994936.9608219
W06000011,Swansea / Abertawe,2019,Half-Hourly,1110,434711830.4263015
W06000012,Neath Port Talbot / Castell-nedd Port Talbot,2019,Half-Hourly,542,950129189.8356165
W06000013,Bridgend / Pen-y-bont ar Ogwr,2019,Half-Hourly,586,319867305.9569862
W06000014,Vale of Glamorgan / Bro Morgannwg,2019,Half-Hourly,392,313435361.9493151
W06000015,Cardiff / Caerdydd,2019,Half-Hourly,1731,860730595.4065757
W06000016,Rhondda Cynon Taf / Rhondda Cynon Taf,2019,Half-Hourly,778,318275559.4238356
W06000018,Caerphilly / Caerffili,2019,Half-Hourly,568,315319529.3613698
W06000019,Blaenau Gwent / Blaenau Gwent,2019,Half-Hourly,258,125404847.3213699
W06000020,Torfaen / Torfaen,2019,Half-Hourly,361,232917373.3134246
W06000021,Monmouthshire / Sir Fynwy,2019,Half-Hourly,382,181286671.8391781
W06000022,Newport / Casnewydd,2019,Half-Hourly,654,581687032.3986301
W06000023,Powys / Powys,2019,Half-Hourly,734,194516759.7364383
W06000024,Merthyr Tydfil / Merthyr Tudful,2019,Half-Hourly,241,100041579.7556164
E06000001,Hartlepool,2020,Half-Hourly,591,266493535.999082
E06000002,Middlesbrough,2020,Half-Hourly,930,184927655.3314207
E06000003,Redcar and Cleveland,2020,Half-Hourly,639,519031018.7040984
E06000004,Stockton-on-Tees,2020,Half-Hourly,1268,853405677.8211805
E06000005,Darlington,2020,Half-Hourly,632,209884194.95
E06000006,Halton,2020,Half-Hourly,622,374066005.5076502
E06000007,Warrington,2020,Half-Hourly,1007,436346217.1229509
E06000008,Blackburn with Darwen,2020,Half-Hourly,666,280624908.071
E06000009,Blackpool,2020,Half-Hourly,625,172259587.5139999
E06000010,"Kingston upon Hull, City of",2020,Half-Hourly,1352,558710447.205738
E06000011,East Riding of Yorkshire,2020,Half-Hourly,1660,769626597.4393774
E06000012,North East Lincolnshire,2020,Half-Hourly,656,492036084.6475411
E06000013,North Lincolnshire,2020,Half-Hourly,910,794827464.7054644
E06000014,York,2020,Half-Hourly,1324,293215101.8456941
E06000015,Derby,2020,Half-Hourly,953,450172541.4748471
E06000016,Leicester,2020,Half-Hourly,1495,617513919.5363002
E06000017,Rutland,2020,Half-Hourly,158,216948526.2
E06000018,Nottingham,2020,Half-Hourly,1526,512485809.6825135
E06000019,"Herefordshire, County of",2020,Half-Hourly,1138,436929729.9653005
E06000020,Telford and Wrekin,2020,Half-Hourly,1016,463669510.552459
E06000021,Stoke-on-Trent,2020,Half-Hourly,1320,412305484.9743171
E06000022,Bath and North East Somerset,2020,Half-Hourly,889,203280886.0226776
E06000023,"Bristol, City of",2020,Half-Hourly,2520,783716729.9581963
E06000024,North Somerset,2020,Half-Hourly,865,273033493.8020492
E06000025,South Gloucestershire,2020,Half-Hourly,1409,559256658.5775521
E06000026,Plymouth,2020,Half-Hourly,1058,369996308.5360656
E06000027,Torbay,2020,Half-Hourly,673,125757801.0822295
E06000030,Swindon,2020,Half-Hourly,985,514450638.7019344
E06000031,Peterborough,2020,Half-Hourly,995,471016605.6814206
E06000032,Luton,2020,Half-Hourly,724,287966981.3434426
E06000033,Southend-on-Sea,2020,Half-Hourly,570,177599782.8318743
E06000034,Thurrock,2020,Half-Hourly,758,544604937.6448088
E06000035,Medway,2020,Half-Hourly,832,282927232.0838798
E06000036,Bracknell Forest,2020,Half-Hourly,486,238783759.3893443
E06000037,West Berkshire,2020,Half-Hourly,865,413611238.8054536
E06000038,Reading,2020,Half-Hourly,903,340178389.6606558
E06000039,Slough,2020,Half-Hourly,822,1139443524.972131
E06000040,Windsor and Maidenhead,2020,Half-Hourly,791,272792398.7745903
E06000041,Wokingham,2020,Half-Hourly,581,263745286.6
E06000042,Milton Keynes,2020,Half-Hourly,1460,725699371.5024588
E06000043,Brighton and Hove,2020,Half-Hourly,1056,272024597.9535518
E06000044,Portsmouth,2020,Half-Hourly,923,393892467.3412569
E06000045,Southampton,2020,Half-Hourly,972,316191969.9371585
E06000046,Isle of Wight,2020,Half-Hourly,564,165879021.7
E06000047,County Durham,2020,Half-Hourly,2887,838852503.40548
E06000049,Cheshire East,2020,Half-Hourly,1696,717036336.7465575
E06000050,Cheshire West and Chester,2020,Half-Hourly,1629,1230389406.89894
E06000051,Shropshire,2020,Half-Hourly,1715,548001511.5466397
E06000052,Cornwall,2020,Half-Hourly,2924,811435616.2848638
E06000053,Isles of Scilly,2020,Half-Hourly,12,2359349.8
E06000054,Wiltshire,2020,Half-Hourly,1935,850975198.5405196
E06000055,Bedford,2020,Half-Hourly,785,323737474.8486338
E06000056,Central Bedfordshire,2020,Half-Hourly,1018,402024737.7739889
E06000057,Northumberland,2020,Half-Hourly,1880,713163160.5442022
E06000058,"Bournemouth, Christchurch and Poole",2020,Half-Hourly,1560,533307681.269399
E06000059,Dorset,2020,Half-Hourly,1585,560642842.39806
E06000060,Buckinghamshire,2020,Half-Hourly,2154,647835889.0726774
E06000061,North Northamptonshire,2020,Half-Hourly,1475,781481765.8232236
E06000062,West Northamptonshire,2020,Half-Hourly,1701,768895097.5165906
E06000063,Cumberland,2020,Half-Hourly,1283,527292476.4447706
E06000064,Westmorland and Furness,2020,Half-Hourly,1165,638133907.5442624
E06000065,North Yorkshire,2020,Half-Hourly,4203,1418004621.676776
E06000066,Somerset,2020,Half-Hourly,2653,950124539.5809397
E07000008,Cambridge,2020,Half-Hourly,941,429008617.4341529
E07000009,East Cambridgeshire,2020,Half-Hourly,414,177520848.8521858
E07000010,Fenland,2020,Half-Hourly,520,263729047.6726776
E07000011,Huntingdonshire,2020,Half-Hourly,860,385445811.7415301
E07000012,South Cambridgeshire,2020,Half-Hourly,815,404124213.2364262
E07000032,Amber Valley,2020,Half-Hourly,479,253554370.9812295
E07000033,Bolsover,2020,Half-Hourly,265,205311831.3049181
E07000034,Chesterfield,2020,Half-Hourly,461,165830440.2040055
E07000035,Derbyshire Dales,2020,Half-Hourly,296,178389554.0426229
E07000036,Erewash,2020,Half-Hourly,356,151299750.8371584
E07000037,High Peak,2020,Half-Hourly,366,500684668.581
E07000038,North East Derbyshire,2020,Half-Hourly,275,185841874.0606557
E07000039,South Derbyshire,2020,Half-Hourly,296,276228082.9704918
E07000040,East Devon,2020,Half-Hourly,637,131382366.2068033
E07000041,Exeter,2020,Half-Hourly,812,275550201.9
E07000042,Mid Devon,2020,Half-Hourly,399,127999101.9
E07000043,North Devon,2020,Half-Hourly,551,167775027.3032787
E07000044,South Hams,2020,Half-Hourly,488,149212609.0084153
E07000045,Teignbridge,2020,Half-Hourly,589,128755962.7819672
E07000046,Torridge,2020,Half-Hourly,338,64921089.10173772
E07000047,West Devon,2020,Half-Hourly,236,92608681.79999998
E07000061,Eastbourne,2020,Half-Hourly,414,119415014.3177596
E07000062,Hastings,2020,Half-Hourly,312,89321456.76229508
E07000063,Lewes,2020,Half-Hourly,370,91119184.152459
E07000064,Rother,2020,Half-Hourly,316,95587771.7
E07000065,Wealden,2020,Half-Hourly,511,109946780.995082
E07000066,Basildon,2020,Half-Hourly,703,408199106.5084809
E07000067,Braintree,2020,Half-Hourly,602,167451540.0442623
E07000068,Brentwood,2020,Half-Hourly,316,82805588.8762295
E07000069,Castle Point,2020,Half-Hourly,211,45977996.81885246
E07000070,Chelmsford,2020,Half-Hourly,775,275266429.5442623
E07000071,Colchester,2020,Half-Hourly,752,244834185.1567268
E07000072,Epping Forest,2020,Half-Hourly,427,115010555.9510929
E07000073,Harlow,2020,Half-Hourly,440,182919394.4680327
E07000074,Maldon,2020,Half-Hourly,232,82302963.37459016
E07000075,Rochford,2020,Half-Hourly,243,79245837.25219673
E07000076,Tendring,2020,Half-Hourly,512,143019993.2818907
E07000077,Uttlesford,2020,Half-Hourly,302,138126359.1062841
E07000078,Cheltenham,2020,Half-Hourly,638,231239235.3601093
E07000079,Cotswold,2020,Half-Hourly,502,108203683.7262295
E07000080,Forest of Dean,2020,Half-Hourly,339,175684583.8195246
E07000081,Gloucester,2020,Half-Hourly,715,268208040.4031967
E07000082,Stroud,2020,Half-Hourly,534,223464490.0644809
E07000083,Tewkesbury,2020,Half-Hourly,501,241462399.8497268
E07000084,Basingstoke and Deane,2020,Half-Hourly,837,386897504.1125683
E07000085,East Hampshire,2020,Half-Hourly,439,124396982.7822404
E07000086,Eastleigh,2020,Half-Hourly,473,225014610.0748634
E07000087,Fareham,2020,Half-Hourly,441,170044820.6491803
E07000088,Gosport,2020,Half-Hourly,231,96526930.61038251
E07000089,Hart,2020,Half-Hourly,332,223381709.9991803
E07000090,Havant,2020,Half-Hourly,382,127999411.219683
E07000091,New Forest,2020,Half-Hourly,701,299918574.223224
E07000092,Rushmoor,2020,Half-Hourly,433,169955526.1
E07000093,Test Valley,2020,Half-Hourly,654,220018199.2944974
E07000094,Winchester,2020,Half-Hourly,657,240843117.6961749
E07000095,Broxbourne,2020,Half-Hourly,353,167954594.263388
E07000096,Dacorum,2020,Half-Hourly,601,322627431.1827868
E07000098,Hertsmere,2020,Half-Hourly,463,187027556.2112021
E07000099,North Hertfordshire,2020,Half-Hourly,587,176443635.1076503
E07000102,Three Rivers,2020,Half-Hourly,237,117057401.202459
E07000103,Watford,2020,Half-Hourly,518,226258267.5153006
E07000105,Ashford,2020,Half-Hourly,595,174722168.1133879
E07000106,Canterbury,2020,Half-Hourly,633,209295662.0726775
E07000107,Dartford,2020,Half-Hourly,570,169018601.8016394
E07000108,Dover,2020,Half-Hourly,413,140989086.026776
E07000109,Gravesham,2020,Half-Hourly,286,237175829.4
E07000110,Maidstone,2020,Half-Hourly,662,243618387.6010928
E07000111,Sevenoaks,2020,Half-Hourly,433,116538942.4989071
E07000112,Folkestone and Hythe,2020,Half-Hourly,377,159590716.4
E07000113,Swale,2020,Half-Hourly,590,311217268.3844261
E07000114,Thanet,2020,Half-Hourly,462,172878089.0095628
E07000115,Tonbridge and Malling,2020,Half-Hourly,593,217330484.360929
E07000116,Tunbridge Wells,2020,Half-Hourly,564,196248754.9125683
E07000117,Burnley,2020,Half-Hourly,365,150873515.9
E07000118,Chorley,2020,Half-Hourly,357,134861116.331
E07000119,Fylde,2020,Half-Hourly,322,147646729
E07000120,Hyndburn,2020,Half-Hourly,335,127520969.9
E07000121,Lancaster,2020,Half-Hourly,607,204250412.9
E07000122,Pendle,2020,Half-Hourly,330,147545774.4
E07000123,Preston,2020,Half-Hourly,717,260501570.4691311
E07000124,Ribble Valley,2020,Half-Hourly,225,268180192.4
E07000125,Rossendale,2020,Half-Hourly,225,149257099.9
E07000126,South Ribble,2020,Half-Hourly,445,208534562.6244973
E07000127,West Lancashire,2020,Half-Hourly,491,308843082.7986339
E07000128,Wyre,2020,Half-Hourly,393,228541551.6
E07000129,Blaby,2020,Half-Hourly,416,178248375.3778688
E07000130,Charnwood,2020,Half-Hourly,608,305947735.8615737
E07000131,Harborough,2020,Half-Hourly,363,119405649.7
E07000132,Hinckley and Bosworth,2020,Half-Hourly,386,169768609.0903935
E07000133,Melton,2020,Half-Hourly,207,135323101.9
E07000134,North West Leicestershire,2020,Half-Hourly,497,326650507.4822841
E07000135,Oadby and Wigston,2020,Half-Hourly,175,61854845.95000001
E07000136,Boston,2020,Half-Hourly,332,148285314.1
E07000137,East Lindsey,2020,Half-Hourly,725,251808704.7480875
E07000138,Lincoln,2020,Half-Hourly,462,178387438.2193114
E07000139,North Kesteven,2020,Half-Hourly,393,199301684.2308743
E07000140,South Holland,2020,Half-Hourly,383,269561325.5255028
E07000141,South Kesteven,2020,Half-Hourly,506,237469991.6068306
E07000142,West Lindsey,2020,Half-Hourly,459,163103756.4603826
E07000143,Breckland,2020,Half-Hourly,749,222564949.1366066
E07000144,Broadland,2020,Half-Hourly,490,161816840.957929
E07000145,Great Yarmouth,2020,Half-Hourly,544,106588863.9163935
E07000146,King's Lynn and West Norfolk,2020,Half-Hourly,860,313307144.7523059
E07000147,North Norfolk,2020,Half-Hourly,619,179454022.1789618
E07000148,Norwich,2020,Half-Hourly,801,205183757.9653006
E07000149,South Norfolk,2020,Half-Hourly,539,200720081.2933879
E07000170,Ashfield,2020,Half-Hourly,492,255536805.6674863
E07000171,Bassetlaw,2020,Half-Hourly,532,269196897.9357923
E07000172,Broxtowe,2020,Half-Hourly,328,100008751.9521858
E07000173,Gedling,2020,Half-Hourly,296,99174110.99344264
E07000174,Mansfield,2020,Half-Hourly,388,168804750.7956284
E07000175,Newark and Sherwood,2020,Half-Hourly,506,227565499.8538251
E07000176,Rushcliffe,2020,Half-Hourly,309,148621127.0617487
E07000177,Cherwell,2020,Half-Hourly,870,335214244.2778687
E07000178,Oxford,2020,Half-Hourly,887,434992949.7137924
E07000179,South Oxfordshire,2020,Half-Hourly,558,376058119.5311476
E07000180,Vale of White Horse,2020,Half-Hourly,654,363689068.4062842
E07000181,West Oxfordshire,2020,Half-Hourly,455,208264993.2463989
E07000192,Cannock Chase,2020,Half-Hourly,517,121738024.9743279
E07000193,East Staffordshire,2020,Half-Hourly,557,345850465.2322404
E07000194,Lichfield,2020,Half-Hourly,569,194889755.8868852
E07000195,Newcastle-under-Lyme,2020,Half-Hourly,541,194960105.4437377
E07000196,South Staffordshire,2020,Half-Hourly,489,225866608.1428962
E07000197,Stafford,2020,Half-Hourly,761,247957597.7597759
E07000198,Staffordshire Moorlands,2020,Half-Hourly,368,228230274.1860656
E07000199,Tamworth,2020,Half-Hourly,324,115233341.6622951
E07000200,Babergh,2020,Half-Hourly,397,126694474.5
E07000202,Ipswich,2020,Half-Hourly,628,155122876.7426229
E07000203,Mid Suffolk,2020,Half-Hourly,431,206721566.1448088
E07000207,Elmbridge,2020,Half-Hourly,582,158975382.5
E07000208,Epsom and Ewell,2020,Half-Hourly,254,54638439.10000001
E07000209,Guildford,2020,Half-Hourly,717,233307567.3754098
E07000210,Mole Valley,2020,Half-Hourly,391,178717433.8994536
E07000211,Reigate and Banstead,2020,Half-Hourly,543,245384397.3423497
E07000212,Runnymede,2020,Half-Hourly,441,177144404.0584699
E07000213,Spelthorne,2020,Half-Hourly,423,144495338.5
E07000214,Surrey Heath,2020,Half-Hourly,400,149801442.4
E07000215,Tandridge,2020,Half-Hourly,306,88544435.79043715
E07000216,Waverley,2020,Half-Hourly,408,96144590.54180332
E07000217,Woking,2020,Half-Hourly,464,331781107.7122951
E07000218,North Warwickshire,2020,Half-Hourly,402,348449683.1
E07000219,Nuneaton and Bedworth,2020,Half-Hourly,455,138200959.4065574
E07000220,Rugby,2020,Half-Hourly,498,383851206.4128415
E07000221,Stratford-on-Avon,2020,Half-Hourly,816,248118970.3204918
E07000222,Warwick,2020,Half-Hourly,647,255411777.1647322
E07000223,Adur,2020,Half-Hourly,228,88212846.10601094
E07000224,Arun,2020,Half-Hourly,525,121753126.1950984
E07000225,Chichester,2020,Half-Hourly,579,212069469.7027323
E07000226,Crawley,2020,Half-Hourly,628,381263065.8131148
E07000227,Horsham,2020,Half-Hourly,607,157685015.3000001
E07000228,Mid Sussex,2020,Half-Hourly,610,158188504.804918
E07000229,Worthing,2020,Half-Hourly,380,105187080.1696721
E07000234,Bromsgrove,2020,Half-Hourly,427,97778729.77213113
E07000235,Malvern Hills,2020,Half-Hourly,379,91521717.85245901
E07000236,Redditch,2020,Half-Hourly,528,145092667.3554645
E07000237,Worcester,2020,Half-Hourly,560,174643563
E07000238,Wychavon,2020,Half-Hourly,763,305525751.9425137
E07000239,Wyre Forest,2020,Half-Hourly,516,143469279.6166667
E07000240,St Albans,2020,Half-Hourly,531,138986460.8606557
E07000241,Welwyn Hatfield,2020,Half-Hourly,487,431675499.9516284
E07000242,East Hertfordshire,2020,Half-Hourly,560,173189004.5114754
E07000243,Stevenage,2020,Half-Hourly,357,192558593.8521858
E07000244,East Suffolk,2020,Half-Hourly,1111,454212438.0685793
E07000245,West Suffolk,2020,Half-Hourly,1060,434817755.3568307
E08000001,Bolton,2020,Half-Hourly,1052,366982423.7999998
E08000002,Bury,2020,Half-Hourly,587,231537695.2204918
E08000003,Manchester,2020,Half-Hourly,2915,1281334691.449001
E08000004,Oldham,2020,Half-Hourly,786,308179724.5240001
E08000005,Rochdale,2020,Half-Hourly,750,360736769.6000001
E08000006,Salford,2020,Half-Hourly,1215,417168436.6
E08000007,Stockport,2020,Half-Hourly,1070,372313655.366754
E08000008,Tameside,2020,Half-Hourly,738,291396753.6
E08000009,Trafford,2020,Half-Hourly,1305,794146658.0934424
E08000010,Wigan,2020,Half-Hourly,1030,486999437.775601
E08000011,Knowsley,2020,Half-Hourly,468,338194775.9131147
E08000012,Liverpool,2020,Half-Hourly,2353,819008362.9538256
E08000013,St. Helens,2020,Half-Hourly,641,353479395.2066339
E08000014,Sefton,2020,Half-Hourly,889,255721814.5617487
E08000015,Wirral,2020,Half-Hourly,905,327335056.2488196
E08000017,Doncaster,2020,Half-Hourly,1319,623054422.3319675
E08000018,Rotherham,2020,Half-Hourly,1117,481325313.1989071
E08000021,Newcastle upon Tyne,2020,Half-Hourly,2300,523295141.9150271
E08000022,North Tyneside,2020,Half-Hourly,1205,374295890.9344262
E08000023,South Tyneside,2020,Half-Hourly,857,146905023.995082
E08000024,Sunderland,2020,Half-Hourly,1732,587202344.3076506
E08000025,Birmingham,2020,Half-Hourly,5738,1805506616.297067
E08000026,Coventry,2020,Half-Hourly,1247,572867747.403279
E08000027,Dudley,2020,Half-Hourly,1540,380711808.0584701
E08000028,Sandwell,2020,Half-Hourly,1917,606337925.7388744
E08000029,Solihull,2020,Half-Hourly,1100,445908982.8991805
E08000030,Walsall,2020,Half-Hourly,1338,355526918.1120219
E08000031,Wolverhampton,2020,Half-Hourly,1372,405775974.9731256
E08000032,Bradford,2020,Half-Hourly,1933,712964152.6991804
E08000033,Calderdale,2020,Half-Hourly,868,327017345.3114755
E08000034,Kirklees,2020,Half-Hourly,1587,566039324.1147538
E08000035,Leeds,2020,Half-Hourly,3893,1429411905.50246
E08000036,Wakefield,2020,Half-Hourly,1459,947509184.2563114
E08000037,Gateshead,2020,Half-Hourly,1546,403157389.6243171
E08000038,Barnsley,2020,Half-Hourly,822,441631333.2950819
E08000039,Sheffield,2020,Half-Hourly,2520,977070072.9710271
E09000001,City of London,2020,Half-Hourly,2102,1525646703.661475
E09000002,Barking and Dagenham,2020,Half-Hourly,631,217367497.3237159
E09000003,Barnet,2020,Half-Hourly,1077,287922493.2207648
E09000004,Bexley,2020,Half-Hourly,659,275085574.5573771
E09000005,Brent,2020,Half-Hourly,1092,547691024.3333334
E09000006,Bromley,2020,Half-Hourly,841,233444128.3920764
E09000007,Camden,2020,Half-Hourly,2065,841908058.5409837
E09000008,Croydon,2020,Half-Hourly,1171,451024653.1841528
E09000009,Ealing,2020,Half-Hourly,1286,694396612.1595628
E09000010,Enfield,2020,Half-Hourly,879,370860790.3502733
E09000011,Greenwich,2020,Half-Hourly,987,293314481.2314209
E09000012,Hackney,2020,Half-Hourly,854,340343339.4136611
E09000013,Hammersmith and Fulham,2020,Half-Hourly,976,461106528.2114756
E09000014,Haringey,2020,Half-Hourly,709,277648456.6139345
E09000015,Harrow,2020,Half-Hourly,540,108187403.6885246
E09000016,Havering,2020,Half-Hourly,730,260028345.9710383
E09000017,Hillingdon,2020,Half-Hourly,1211,881759728.1692078
E09000018,Hounslow,2020,Half-Hourly,1121,707244033.6180326
E09000019,Islington,2020,Half-Hourly,1259,462512043.1516397
E09000020,Kensington and Chelsea,2020,Half-Hourly,1319,643963472.0352459
E09000021,Kingston upon Thames,2020,Half-Hourly,682,219641613.1112022
E09000022,Lambeth,2020,Half-Hourly,1015,367116354.3013662
E09000023,Lewisham,2020,Half-Hourly,650,147120107.1193988
E09000024,Merton,2020,Half-Hourly,659,360049103.3863387
E09000025,Newham,2020,Half-Hourly,1122,759474384.835246
E09000026,Redbridge,2020,Half-Hourly,549,132238577.0494535
E09000027,Richmond upon Thames,2020,Half-Hourly,648,186465972.9923497
E09000028,Southwark,2020,Half-Hourly,1412,578594554.8543717
E09000029,Sutton,2020,Half-Hourly,536,264398216.7688524
E09000030,Tower Hamlets,2020,Half-Hourly,2667,1843112385.540437
E09000031,Waltham Forest,2020,Half-Hourly,591,190181287.1234973
E09000032,Wandsworth,2020,Half-Hourly,1100,283284549.4344263
E09000033,Westminster,2020,Half-Hourly,5283,1961321474.144806
S12000005,Clackmannanshire,2020,Half-Hourly,181,190958816.2967213
S12000006,Dumfries and Galloway,2020,Half-Hourly,778,353644063.2464481
S12000008,East Ayrshire,2020,Half-Hourly,406,149909806.9095628
S12000010,East Lothian,2020,Half-Hourly,348,215389721.8024589
S12000011,East Renfrewshire,2020,Half-Hourly,212,42606172.9
S12000013,Na h-Eileanan Siar,2020,Half-Hourly,155,35539663.8
S12000014,Falkirk,2020,Half-Hourly,581,296879459.0762295
S12000017,Highland,2020,Half-Hourly,1567,549233910.5
S12000018,Inverclyde,2020,Half-Hourly,314,126083766.542623
S12000019,Midlothian,2020,Half-Hourly,354,154789699.1426229
S12000020,Moray,2020,Half-Hourly,459,221330236.5
S12000021,North Ayrshire,2020,Half-Hourly,497,300720452.3745902
S12000023,Orkney Islands,2020,Half-Hourly,146,30005847.5
S12000026,Scottish Borders,2020,Half-Hourly,499,180290106.1
S12000027,Shetland Islands,2020,Half-Hourly,161,54275378.2
S12000028,South Ayrshire,2020,Half-Hourly,511,172447919.897541
S12000029,South Lanarkshire,2020,Half-Hourly,1458,369149067.6598359
S12000030,Stirling,2020,Half-Hourly,510,191172295.6
S12000033,Aberdeen City,2020,Half-Hourly,1609,480333046.6999997
S12000034,Aberdeenshire,2020,Half-Hourly,1406,459486478.6999998
S12000035,Argyll and Bute,2020,Half-Hourly,537,130956902.6494536
S12000036,City of Edinburgh,2020,Half-Hourly,2395,955937113.6068305
S12000038,Renfrewshire,2020,Half-Hourly,828,328613303.0469946
S12000039,West Dunbartonshire,2020,Half-Hourly,344,144931625.7
S12000040,West Lothian,2020,Half-Hourly,820,371099859.0401639
S12000041,Angus,2020,Half-Hourly,579,187183360.6
S12000042,Dundee City,2020,Half-Hourly,730,232188231.2000001
S12000045,East Dunbartonshire,2020,Half-Hourly,275,106937711.1918033
S12000047,Fife,2020,Half-Hourly,1522,624041679.8329998
S12000048,Perth and Kinross,2020,Half-Hourly,857,234046610.4661201
S12000049,Glasgow City,2020,Half-Hourly,3310,1180933693.765301
S12000050,North Lanarkshire,2020,Half-Hourly,1358,581908735.1693988
W06000001,Isle of Anglesey / Ynys Môn,2020,Half-Hourly,328,96084551.16100003
W06000002,Gwynedd / Gwynedd,2020,Half-Hourly,687,159333973.963459
W06000003,Conwy / Conwy,2020,Half-Hourly,567,104115819.8
W06000004,Denbighshire / Sir Ddinbych,2020,Half-Hourly,430,118871015.8519727
W06000005,Flintshire / Sir y Fflint,2020,Half-Hourly,671,682321717.2898908
W06000006,Wrexham / Wrecsam,2020,Half-Hourly,580,517600742.237705
W06000008,Ceredigion / Ceredigion,2020,Half-Hourly,352,109072696.8245901
W06000009,Pembrokeshire / Sir Benfro,2020,Half-Hourly,615,738776407.0277048
W06000010,Carmarthenshire / Sir Gaerfyrddin,2020,Half-Hourly,830,363567910.8776831
W06000011,Swansea / Abertawe,2020,Half-Hourly,1114,380763777.9150274
W06000012,Neath Port Talbot / Castell-nedd Port Talbot,2020,Half-Hourly,540,838635522.8275956
W06000013,Bridgend / Pen-y-bont ar Ogwr,2020,Half-Hourly,586,273591725.3262295
W06000014,Vale of Glamorgan / Bro Morgannwg,2020,Half-Hourly,402,273459689.8363389
W06000015,Cardiff / Caerdydd,2020,Half-Hourly,1712,737091955.3969508
W06000016,Rhondda Cynon Taf / Rhondda Cynon Taf,2020,Half-Hourly,776,282760220.1341748
W06000018,Caerphilly / Caerffili,2020,Half-Hourly,577,279758028.7737705
W06000019,Blaenau Gwent / Blaenau Gwent,2020,Half-Hourly,255,116570288.497541
W06000020,Torfaen / Torfaen,2020,Half-Hourly,366,212328022.0497268
W06000021,Monmouthshire / Sir Fynwy,2020,Half-Hourly,383,169841530.5079235
W06000022,Newport / Casnewydd,2020,Half-Hourly,654,461365214.4581968
W06000023,Powys / Powys,2020,Half-Hourly,754,176652106.427765
W06000024,Merthyr Tydfil / Merthyr Tudful,2020,Half-Hourly,241,87106301.45245904
E06000001,Hartlepool,2021,Half-Hourly,588,266776187.5589041
E06000002,Middlesbrough,2021,Half-Hourly,924,191559050.5319178
E06000003,Redcar and Cleveland,2021,Half-Hourly,633,524494495.5628767
E06000004,Stockton-on-Tees,2021,Half-Hourly,1259,826506837.2270548
E06000005,Darlington,2021,Half-Hourly,633,216197049.5954794
E06000006,Halton,2021,Half-Hourly,632,405256357.7442465
E06000007,Warrington,2021,Half-Hourly,1016,441180620.7683287
E06000008,Blackburn with Darwen,2021,Half-Hourly,662,288907765.8431917
E06000009,Blackpool,2021,Half-Hourly,626,183894816.6699999
E06000010,"Kingston upon Hull, City of",2021,Half-Hourly,1348,580024510.7546576
E06000011,East Riding of Yorkshire,2021,Half-Hourly,1697,781156716.295521
E06000012,North East Lincolnshire,2021,Half-Hourly,663,513889498.2809588
E06000013,North Lincolnshire,2021,Half-Hourly,900,831971613.1106848
E06000014,York,2021,Half-Hourly,1329,305924457.7950959
E06000015,Derby,2021,Half-Hourly,952,458083609.1173287
E06000016,Leicester,2021,Half-Hourly,1511,647205203.7242054
E06000017,Rutland,2021,Half-Hourly,162,235224522.209179
E06000018,Nottingham,2021,Half-Hourly,1543,555910121.4612329
E06000019,"Herefordshire, County of",2021,Half-Hourly,1148,428258720.002329
E06000020,Telford and Wrekin,2021,Half-Hourly,1021,478990890.9654797
E06000021,Stoke-on-Trent,2021,Half-Hourly,1316,449471216.1209588
E06000022,Bath and North East Somerset,2021,Half-Hourly,894,212897546.7838631
E06000023,"Bristol, City of",2021,Half-Hourly,2562,790306126.706849
E06000024,North Somerset,2021,Half-Hourly,872,282233821.7635068
E06000025,South Gloucestershire,2021,Half-Hourly,1433,570678820.8040273
E06000026,Plymouth,2021,Half-Hourly,1064,392574298.0273425
E06000027,Torbay,2021,Half-Hourly,680,133585602.2465206
E06000030,Swindon,2021,Half-Hourly,989,500030674.9012055
E06000031,Peterborough,2021,Half-Hourly,1005,487875317.1445891
E06000032,Luton,2021,Half-Hourly,735,291124373.569178
E06000033,Southend-on-Sea,2021,Half-Hourly,573,178900704.0588493
E06000034,Thurrock,2021,Half-Hourly,769,594313962.2738357
E06000035,Medway,2021,Half-Hourly,843,298407716.1236985
E06000036,Bracknell Forest,2021,Half-Hourly,481,230503047.1053698
E06000037,West Berkshire,2021,Half-Hourly,868,427650287.0001096
E06000038,Reading,2021,Half-Hourly,912,351985228.3183562
E06000039,Slough,2021,Half-Hourly,830,1266505917.57863
E06000040,Windsor and Maidenhead,2021,Half-Hourly,806,283244148.9094478
E06000041,Wokingham,2021,Half-Hourly,596,263727320.1054794
E06000042,Milton Keynes,2021,Half-Hourly,1471,743833186.5758901
E06000043,Brighton and Hove,2021,Half-Hourly,1082,286987307.3239588
E06000044,Portsmouth,2021,Half-Hourly,921,396295582.0616438
E06000045,Southampton,2021,Half-Hourly,964,332439094.1254794
E06000046,Isle of Wight,2021,Half-Hourly,572,170725226.3719178
E06000047,County Durham,2021,Half-Hourly,2904,907340878.8477536
E06000049,Cheshire East,2021,Half-Hourly,1717,709401665.2179041
E06000050,Cheshire West and Chester,2021,Half-Hourly,1649,1207807328.174534
E06000051,Shropshire,2021,Half-Hourly,1736,557726443.7394247
E06000052,Cornwall,2021,Half-Hourly,2969,838867155.3739175
E06000053,Isles of Scilly,2021,Half-Hourly,12,2709973.79
E06000054,Wiltshire,2021,Half-Hourly,1956,894472156.073411
E06000055,Bedford,2021,Half-Hourly,806,336341767.0156714
E06000056,Central Bedfordshire,2021,Half-Hourly,1042,409157836.671233
E06000057,Northumberland,2021,Half-Hourly,1903,751410983.5377257
E06000058,"Bournemouth, Christchurch and Poole",2021,Half-Hourly,1568,537508856.9971235
E06000059,Dorset,2021,Half-Hourly,1634,583271104.627151
E06000060,Buckinghamshire,2021,Half-Hourly,2194,664413781.4345207
E06000061,North Northamptonshire,2021,Half-Hourly,1493,802778188.8145204
E06000062,West Northamptonshire,2021,Half-Hourly,1723,798780033.9963965
E06000063,Cumberland,2021,Half-Hourly,1302,535262963.8125342
E06000064,Westmorland and Furness,2021,Half-Hourly,1171,646896988.4987947
E06000065,North Yorkshire,2021,Half-Hourly,4236,1499297462.261973
E06000066,Somerset,2021,Half-Hourly,2681,964138406.4845896
E07000008,Cambridge,2021,Half-Hourly,961,457839547.3121231
E07000009,East Cambridgeshire,2021,Half-Hourly,422,173037113.169
E07000010,Fenland,2021,Half-Hourly,523,278931103.120548
E07000011,Huntingdonshire,2021,Half-Hourly,874,387215112.6083972
E07000012,South Cambridgeshire,2021,Half-Hourly,821,407660937.9597261
E07000032,Amber Valley,2021,Half-Hourly,472,273781494.9963698
E07000033,Bolsover,2021,Half-Hourly,259,205067652.8087671
E07000034,Chesterfield,2021,Half-Hourly,469,172744340.9590822
E07000035,Derbyshire Dales,2021,Half-Hourly,292,184523518.2031507
E07000036,Erewash,2021,Half-Hourly,356,154179965.0808219
E07000037,High Peak,2021,Half-Hourly,373,535049704.7055617
E07000038,North East Derbyshire,2021,Half-Hourly,278,203178661.4636986
E07000039,South Derbyshire,2021,Half-Hourly,301,295029390.6090411
E07000040,East Devon,2021,Half-Hourly,651,138416722.2610686
E07000041,Exeter,2021,Half-Hourly,826,279608892.1041095
E07000042,Mid Devon,2021,Half-Hourly,404,135854866.05
E07000043,North Devon,2021,Half-Hourly,568,176511892.0922603
E07000044,South Hams,2021,Half-Hourly,503,165573091.6027808
E07000045,Teignbridge,2021,Half-Hourly,595,134793674.1986302
E07000046,Torridge,2021,Half-Hourly,342,68692391.59757532
E07000047,West Devon,2021,Half-Hourly,237,82768243.29
E07000061,Eastbourne,2021,Half-Hourly,413,121147300.0986301
E07000062,Hastings,2021,Half-Hourly,311,88614173.54684933
E07000063,Lewes,2021,Half-Hourly,369,91916910.26287672
E07000064,Rother,2021,Half-Hourly,325,101967980.33
E07000065,Wealden,2021,Half-Hourly,525,113862826.8156164
E07000066,Basildon,2021,Half-Hourly,709,298889234.6807396
E07000067,Braintree,2021,Half-Hourly,611,161431194.7293288
E07000068,Brentwood,2021,Half-Hourly,314,84527250.92698629
E07000069,Castle Point,2021,Half-Hourly,218,48886477.04608221
E07000070,Chelmsford,2021,Half-Hourly,781,277967616.5145479
E07000071,Colchester,2021,Half-Hourly,764,249056083.2762329
E07000072,Epping Forest,2021,Half-Hourly,427,118133664.9029726
E07000073,Harlow,2021,Half-Hourly,447,201846011.9943836
E07000074,Maldon,2021,Half-Hourly,240,85787227.59383559
E07000075,Rochford,2021,Half-Hourly,257,78382822.01710957
E07000076,Tendring,2021,Half-Hourly,514,146500145.211726
E07000077,Uttlesford,2021,Half-Hourly,308,135983345.9277534
E07000078,Cheltenham,2021,Half-Hourly,649,232580422.6545206
E07000079,Cotswold,2021,Half-Hourly,518,113628534.0617808
E07000080,Forest of Dean,2021,Half-Hourly,345,177153286.7431507
E07000081,Gloucester,2021,Half-Hourly,726,265422379.2323014
E07000082,Stroud,2021,Half-Hourly,541,212354382.063
E07000083,Tewkesbury,2021,Half-Hourly,502,229691683.3421918
E07000084,Basingstoke and Deane,2021,Half-Hourly,840,381657174.3975343
E07000085,East Hampshire,2021,Half-Hourly,442,125105381.3823288
E07000086,Eastleigh,2021,Half-Hourly,480,223247270.8556165
E07000087,Fareham,2021,Half-Hourly,447,172932354.8663425
E07000088,Gosport,2021,Half-Hourly,234,96504047.28071234
E07000089,Hart,2021,Half-Hourly,331,239991769.2884932
E07000090,Havant,2021,Half-Hourly,381,128239329.6189041
E07000091,New Forest,2021,Half-Hourly,702,306608459.1371232
E07000092,Rushmoor,2021,Half-Hourly,437,172254618.8447945
E07000093,Test Valley,2021,Half-Hourly,655,225404360.5088904
E07000094,Winchester,2021,Half-Hourly,673,242825160.4856576
E07000095,Broxbourne,2021,Half-Hourly,346,172446620.6322055
E07000096,Dacorum,2021,Half-Hourly,600,363618143.0743836
E07000098,Hertsmere,2021,Half-Hourly,458,190289836.5214521
E07000099,North Hertfordshire,2021,Half-Hourly,587,178145819.6036986
E07000102,Three Rivers,2021,Half-Hourly,228,139930124.7342466
E07000103,Watford,2021,Half-Hourly,520,228141081.0368493
E07000105,Ashford,2021,Half-Hourly,615,182410694.7410959
E07000106,Canterbury,2021,Half-Hourly,634,217334768.749726
E07000107,Dartford,2021,Half-Hourly,581,178955352.809589
E07000108,Dover,2021,Half-Hourly,421,140960961.5743835
E07000109,Gravesham,2021,Half-Hourly,296,222514367.39
E07000110,Maidstone,2021,Half-Hourly,675,261167468.0286302
E07000111,Sevenoaks,2021,Half-Hourly,439,119722698.1894246
E07000112,Folkestone and Hythe,2021,Half-Hourly,380,151846971.4872603
E07000113,Swale,2021,Half-Hourly,604,365223762.3531506
E07000114,Thanet,2021,Half-Hourly,463,175111950.4846576
E07000115,Tonbridge and Malling,2021,Half-Hourly,609,200359696.5478082
E07000116,Tunbridge Wells,2021,Half-Hourly,571,197071615.5745206
E07000117,Burnley,2021,Half-Hourly,373,161945544.359863
E07000118,Chorley,2021,Half-Hourly,364,140288677.5741507
E07000119,Fylde,2021,Half-Hourly,329,152976469.4734246
E07000120,Hyndburn,2021,Half-Hourly,345,134601960.95
E07000121,Lancaster,2021,Half-Hourly,624,216914109.07
E07000122,Pendle,2021,Half-Hourly,331,149052264.59
E07000123,Preston,2021,Half-Hourly,719,252303333.2520548
E07000124,Ribble Valley,2021,Half-Hourly,229,278015614.32
E07000125,Rossendale,2021,Half-Hourly,225,156417928.24
E07000126,South Ribble,2021,Half-Hourly,444,215811496.771
E07000127,West Lancashire,2021,Half-Hourly,487,303101632.4269862
E07000128,Wyre,2021,Half-Hourly,396,237734003.8209589
E07000129,Blaby,2021,Half-Hourly,444,186431675.0144442
E07000130,Charnwood,2021,Half-Hourly,620,324718768.3666712
E07000131,Harborough,2021,Half-Hourly,375,126318073.4749205
E07000132,Hinckley and Bosworth,2021,Half-Hourly,388,180729744.6937261
E07000133,Melton,2021,Half-Hourly,207,133415150.1417808
E07000134,North West Leicestershire,2021,Half-Hourly,509,348721347.5246575
E07000135,Oadby and Wigston,2021,Half-Hourly,180,61217279.95300001
E07000136,Boston,2021,Half-Hourly,345,154782925.4635617
E07000137,East Lindsey,2021,Half-Hourly,750,280417578.3242192
E07000138,Lincoln,2021,Half-Hourly,474,177575067.2794932
E07000139,North Kesteven,2021,Half-Hourly,403,203705775.1612329
E07000140,South Holland,2021,Half-Hourly,386,271576234.2087672
E07000141,South Kesteven,2021,Half-Hourly,512,257408899.7545205
E07000142,West Lindsey,2021,Half-Hourly,465,157110236.4424658
E07000143,Breckland,2021,Half-Hourly,763,211567132.005589
E07000144,Broadland,2021,Half-Hourly,498,160984301.5513562
E07000145,Great Yarmouth,2021,Half-Hourly,552,114526609.9408219
E07000146,King's Lynn and West Norfolk,2021,Half-Hourly,872,339624041.1049725
E07000147,North Norfolk,2021,Half-Hourly,629,184663601.5975342
E07000148,Norwich,2021,Half-Hourly,806,205557669.2864385
E07000149,South Norfolk,2021,Half-Hourly,545,218182690.6490411
E07000170,Ashfield,2021,Half-Hourly,492,273270774.7195891
E07000171,Bassetlaw,2021,Half-Hourly,539,283987763.3758904
E07000172,Broxtowe,2021,Half-Hourly,329,102773340.8279452
E07000173,Gedling,2021,Half-Hourly,302,104204275.4344247
E07000174,Mansfield,2021,Half-Hourly,389,173714451.2230137
E07000175,Newark and Sherwood,2021,Half-Hourly,508,232455565.3763014
E07000176,Rushcliffe,2021,Half-Hourly,307,162815780.1031507
E07000177,Cherwell,2021,Half-Hourly,887,346660013.8591782
E07000178,Oxford,2021,Half-Hourly,890,461385654.0381781
E07000179,South Oxfordshire,2021,Half-Hourly,562,391433231.46
E07000180,Vale of White Horse,2021,Half-Hourly,680,368635422.5340683
E07000181,West Oxfordshire,2021,Half-Hourly,473,217309383.2618219
E07000192,Cannock Chase,2021,Half-Hourly,531,123438121.223137
E07000193,East Staffordshire,2021,Half-Hourly,560,380186559.248822
E07000194,Lichfield,2021,Half-Hourly,568,206864322.460959
E07000195,Newcastle-under-Lyme,2021,Half-Hourly,537,206279783.9485616
E07000196,South Staffordshire,2021,Half-Hourly,492,240301879.2524384
E07000197,Stafford,2021,Half-Hourly,765,248956508.2427671
E07000198,Staffordshire Moorlands,2021,Half-Hourly,363,246477877.2127398
E07000199,Tamworth,2021,Half-Hourly,323,124441050.7713699
E07000200,Babergh,2021,Half-Hourly,402,123067740.2212329
E07000202,Ipswich,2021,Half-Hourly,629,157258060.1826712
E07000203,Mid Suffolk,2021,Half-Hourly,440,209877113.3657534
E07000207,Elmbridge,2021,Half-Hourly,590,157462019.3410959
E07000208,Epsom and Ewell,2021,Half-Hourly,258,57648877.719
E07000209,Guildford,2021,Half-Hourly,725,242034034.5767124
E07000210,Mole Valley,2021,Half-Hourly,389,180209821.151
E07000211,Reigate and Banstead,2021,Half-Hourly,541,233923952.9965753
E07000212,Runnymede,2021,Half-Hourly,449,182080460.2231507
E07000213,Spelthorne,2021,Half-Hourly,427,150902392.25
E07000214,Surrey Heath,2021,Half-Hourly,408,147438181.2549315
E07000215,Tandridge,2021,Half-Hourly,312,91108474.03890412
E07000216,Waverley,2021,Half-Hourly,413,99409084.71435617
E07000217,Woking,2021,Half-Hourly,473,319457128.5078082
E07000218,North Warwickshire,2021,Half-Hourly,412,363040729.7146575
E07000219,Nuneaton and Bedworth,2021,Half-Hourly,455,151720186.5905479
E07000220,Rugby,2021,Half-Hourly,511,399482031.321507
E07000221,Stratford-on-Avon,2021,Half-Hourly,825,256877267.2030137
E07000222,Warwick,2021,Half-Hourly,648,264769100.4915206
E07000223,Adur,2021,Half-Hourly,230,95098491.37
E07000224,Arun,2021,Half-Hourly,532,130272721.3310411
E07000225,Chichester,2021,Half-Hourly,589,232391095.1238355
E07000226,Crawley,2021,Half-Hourly,626,387017960.1028767
E07000227,Horsham,2021,Half-Hourly,614,165546350.139863
E07000228,Mid Sussex,2021,Half-Hourly,620,162259624.9441096
E07000229,Worthing,2021,Half-Hourly,386,100986720.9113699
E07000234,Bromsgrove,2021,Half-Hourly,435,104534215.0376712
E07000235,Malvern Hills,2021,Half-Hourly,385,97658927.21767122
E07000236,Redditch,2021,Half-Hourly,526,147304711.7871233
E07000237,Worcester,2021,Half-Hourly,566,178719304.8120548
E07000238,Wychavon,2021,Half-Hourly,762,317265455.6811781
E07000239,Wyre Forest,2021,Half-Hourly,514,151710449.4324932
E07000240,St Albans,2021,Half-Hourly,538,143151191.0132877
E07000241,Welwyn Hatfield,2021,Half-Hourly,488,447549403.6516575
E07000242,East Hertfordshire,2021,Half-Hourly,566,168468994.499452
E07000243,Stevenage,2021,Half-Hourly,363,191349618.2954794
E07000244,East Suffolk,2021,Half-Hourly,1129,465402027.1263013
E07000245,West Suffolk,2021,Half-Hourly,1077,461366103.5778083
E08000001,Bolton,2021,Half-Hourly,1069,380502675.9399998
E08000002,Bury,2021,Half-Hourly,590,240879644.4700001
E08000003,Manchester,2021,Half-Hourly,2977,1333222822.15022
E08000004,Oldham,2021,Half-Hourly,797,318326128.1878357
E08000005,Rochdale,2021,Half-Hourly,756,372495730.1800002
E08000006,Salford,2021,Half-Hourly,1255,446896899.4089041
E08000007,Stockport,2021,Half-Hourly,1072,370411330.9713425
E08000008,Tameside,2021,Half-Hourly,742,299433236.6799999
E08000009,Trafford,2021,Half-Hourly,1319,792410356.8900001
E08000010,Wigan,2021,Half-Hourly,1030,504191845.8558752
E08000011,Knowsley,2021,Half-Hourly,482,353613980.4367124
E08000012,Liverpool,2021,Half-Hourly,2363,844427100.9593148
E08000013,St. Helens,2021,Half-Hourly,636,385455254.2865891
E08000014,Sefton,2021,Half-Hourly,887,263695218.835411
E08000015,Wirral,2021,Half-Hourly,903,335588260.7297946
E08000017,Doncaster,2021,Half-Hourly,1291,684841880.5871507
E08000018,Rotherham,2021,Half-Hourly,1115,496829233.8964384
E08000021,Newcastle upon Tyne,2021,Half-Hourly,2299,544926873.2726027
E08000022,North Tyneside,2021,Half-Hourly,1196,375886101.9859728
E08000023,South Tyneside,2021,Half-Hourly,856,152635104.5094521
E08000024,Sunderland,2021,Half-Hourly,1731,607647191.8301369
E08000025,Birmingham,2021,Half-Hourly,5735,1893173880.800535
E08000026,Coventry,2021,Half-Hourly,1255,586706954.2872603
E08000027,Dudley,2021,Half-Hourly,1536,405916536.2358765
E08000028,Sandwell,2021,Half-Hourly,1922,646247921.1619041
E08000029,Solihull,2021,Half-Hourly,1091,466055469.9124656
E08000030,Walsall,2021,Half-Hourly,1331,385787459.6105479
E08000031,Wolverhampton,2021,Half-Hourly,1371,417954006.7852741
E08000032,Bradford,2021,Half-Hourly,1940,741616990.6312329
E08000033,Calderdale,2021,Half-Hourly,864,356321036.1121919
E08000034,Kirklees,2021,Half-Hourly,1576,593063127.447219
E08000035,Leeds,2021,Half-Hourly,3900,1473964403.582302
E08000036,Wakefield,2021,Half-Hourly,1450,957139936.7174652
E08000037,Gateshead,2021,Half-Hourly,1532,425657075.1583701
E08000038,Barnsley,2021,Half-Hourly,815,450033584.8662741
E08000039,Sheffield,2021,Half-Hourly,2499,970356555.2084516
E09000001,City of London,2021,Half-Hourly,2124,1495946428.012739
E09000002,Barking and Dagenham,2021,Half-Hourly,646,221845796.8239726
E09000003,Barnet,2021,Half-Hourly,1106,300504965.5681781
E09000004,Bexley,2021,Half-Hourly,663,298448777.3717809
E09000005,Brent,2021,Half-Hourly,1115,576072619.1114795
E09000006,Bromley,2021,Half-Hourly,852,234988050.617507
E09000007,Camden,2021,Half-Hourly,2085,879351924.2636198
E09000008,Croydon,2021,Half-Hourly,1172,455975939.4830137
E09000009,Ealing,2021,Half-Hourly,1291,715765990.3173425
E09000010,Enfield,2021,Half-Hourly,899,378779340.5579451
E09000011,Greenwich,2021,Half-Hourly,999,312484411.1046302
E09000012,Hackney,2021,Half-Hourly,883,342293834.1828768
E09000013,Hammersmith and Fulham,2021,Half-Hourly,1000,473655726.3165755
E09000014,Haringey,2021,Half-Hourly,722,287367986.6709589
E09000015,Harrow,2021,Half-Hourly,542,109693809.0979452
E09000016,Havering,2021,Half-Hourly,751,264275519.5079727
E09000017,Hillingdon,2021,Half-Hourly,1232,969134426.8561645
E09000018,Hounslow,2021,Half-Hourly,1144,707903819.7068493
E09000019,Islington,2021,Half-Hourly,1270,483817601.239041
E09000020,Kensington and Chelsea,2021,Half-Hourly,1346,631840349.2939727
E09000021,Kingston upon Thames,2021,Half-Hourly,687,214106819.0230822
E09000022,Lambeth,2021,Half-Hourly,1016,392191253.0587671
E09000023,Lewisham,2021,Half-Hourly,664,147811350.4616439
E09000024,Merton,2021,Half-Hourly,661,342690899.1947672
E09000025,Newham,2021,Half-Hourly,1158,791005734.9854791
E09000026,Redbridge,2021,Half-Hourly,557,137171608.9573973
E09000027,Richmond upon Thames,2021,Half-Hourly,654,195865308.7665754
E09000028,Southwark,2021,Half-Hourly,1432,623021006.9034384
E09000029,Sutton,2021,Half-Hourly,543,265202460.808
E09000030,Tower Hamlets,2021,Half-Hourly,2715,1822966144.131096
E09000031,Waltham Forest,2021,Half-Hourly,596,194960297.2442466
E09000032,Wandsworth,2021,Half-Hourly,1133,295166138.2606162
E09000033,Westminster,2021,Half-Hourly,5355,2038242689.489314
S12000005,Clackmannanshire,2021,Half-Hourly,182,184529562.7969863
S12000006,Dumfries and Galloway,2021,Half-Hourly,786,350260915.6168494
S12000008,East Ayrshire,2021,Half-Hourly,410,163567518.8109589
S12000010,East Lothian,2021,Half-Hourly,355,223325226.5846575
S12000011,East Renfrewshire,2021,Half-Hourly,212,43552872.9530137
S12000013,Na h-Eileanan Siar,2021,Half-Hourly,158,38262139.6
S12000014,Falkirk,2021,Half-Hourly,599,305699637.1946575
S12000017,Highland,2021,Half-Hourly,1613,672387018.5900002
S12000018,Inverclyde,2021,Half-Hourly,317,129795319.2909589
S12000019,Midlothian,2021,Half-Hourly,359,158889249.3313699
S12000020,Moray,2021,Half-Hourly,477,229828624.82
S12000021,North Ayrshire,2021,Half-Hourly,499,289864725.0837809
S12000023,Orkney Islands,2021,Half-Hourly,150,30869687.31
S12000026,Scottish Borders,2021,Half-Hourly,513,181480145.64
S12000027,Shetland Islands,2021,Half-Hourly,164,55124988.84
S12000028,South Ayrshire,2021,Half-Hourly,513,183111387.0864383
S12000029,South Lanarkshire,2021,Half-Hourly,1490,389512960.3682193
S12000030,Stirling,2021,Half-Hourly,523,222537072.890685
S12000033,Aberdeen City,2021,Half-Hourly,1605,482538861.52
S12000034,Aberdeenshire,2021,Half-Hourly,1427,477803305.0493152
S12000035,Argyll and Bute,2021,Half-Hourly,548,138182169.1465753
S12000036,City of Edinburgh,2021,Half-Hourly,2447,979563437.427863
S12000038,Renfrewshire,2021,Half-Hourly,833,329845376.7147946
S12000039,West Dunbartonshire,2021,Half-Hourly,346,158613711.6697945
S12000040,West Lothian,2021,Half-Hourly,835,359962236.4524658
S12000041,Angus,2021,Half-Hourly,592,209406084.65
S12000042,Dundee City,2021,Half-Hourly,738,241893017.1300001
S12000045,East Dunbartonshire,2021,Half-Hourly,276,110688870.5168493
S12000047,Fife,2021,Half-Hourly,1546,640448796.5729866
S12000048,Perth and Kinross,2021,Half-Hourly,866,246010872.3273973
S12000049,Glasgow City,2021,Half-Hourly,3360,1233943791.153097
S12000050,North Lanarkshire,2021,Half-Hourly,1392,612300752.4139723
W06000001,Isle of Anglesey / Ynys Môn,2021,Half-Hourly,328,101789495.8534931
W06000002,Gwynedd / Gwynedd,2021,Half-Hourly,743,171148244.381
W06000003,Conwy / Conwy,2021,Half-Hourly,572,111443449.6028767
W06000004,Denbighshire / Sir Ddinbych,2021,Half-Hourly,437,127980650.8385754
W06000005,Flintshire / Sir y Fflint,2021,Half-Hourly,695,695148320.0275341
W06000006,Wrexham / Wrecsam,2021,Half-Hourly,594,518681944.7728767
W06000008,Ceredigion / Ceredigion,2021,Half-Hourly,360,115601096.69
W06000009,Pembrokeshire / Sir Benfro,2021,Half-Hourly,627,627636842.7957535
W06000010,Carmarthenshire / Sir Gaerfyrddin,2021,Half-Hourly,837,405326047.8141096
W06000011,Swansea / Abertawe,2021,Half-Hourly,1125,388355461.8341096
W06000012,Neath Port Talbot / Castell-nedd Port Talbot,2021,Half-Hourly,542,1054363555.470822
W06000013,Bridgend / Pen-y-bont ar Ogwr,2021,Half-Hourly,590,251365311.5365753
W06000014,Vale of Glamorgan / Bro Morgannwg,2021,Half-Hourly,399,296331119.4160274
W06000015,Cardiff / Caerdydd,2021,Half-Hourly,1725,771713368.3675342
W06000016,Rhondda Cynon Taf / Rhondda Cynon Taf,2021,Half-Hourly,778,297631170.2279041
W06000018,Caerphilly / Caerffili,2021,Half-Hourly,578,289359193.5279453
W06000019,Blaenau Gwent / Blaenau Gwent,2021,Half-Hourly,252,124010419.2530137
W06000020,Torfaen / Torfaen,2021,Half-Hourly,367,217916665.2511232
W06000021,Monmouthshire / Sir Fynwy,2021,Half-Hourly,379,158516313.4567123
W06000022,Newport / Casnewydd,2021,Half-Hourly,664,537560246.2574111
W06000023,Powys / Powys,2021,Half-Hourly,762,187419454.8184931
W06000024,Merthyr Tydfil / Merthyr Tudful,2021,Half-Hourly,240,84833706.71095893
E06000001,Hartlepool,2022,Half-Hourly,607,257193904.414452
E06000002,Middlesbrough,2022,Half-Hourly,951,190480698.4002876
E06000003,Redcar and Cleveland,2022,Half-Hourly,661,527565228.8456576
E06000004,Stockton-on-Tees,2022,Half-Hourly,1308,716763778.0219729
E06000005,Darlington,2022,Half-Hourly,668,224079813.3912877
E06000006,Halton,2022,Half-Hourly,665,396251915.8799042
E06000007,Warrington,2022,Half-Hourly,1107,449993010.7979587
E06000008,Blackburn with Darwen,2022,Half-Hourly,701,282301943.9264795
E06000009,Blackpool,2022,Half-Hourly,676,194051128.0225343
E06000010,"Kingston upon Hull, City of",2022,Half-Hourly,1405,592921676.7171781
E06000011,East Riding of Yorkshire,2022,Half-Hourly,1793,802472249.7275617
E06000012,North East Lincolnshire,2022,Half-Hourly,701,493518025.0473015
E06000013,North Lincolnshire,2022,Half-Hourly,949,770625200.6451645
E06000014,York,2022,Half-Hourly,1386,325837019.6266165
E06000015,Derby,2022,Half-Hourly,1025,479397282.2312195
E06000016,Leicester,2022,Half-Hourly,1573,653254620.623233
E06000017,Rutland,2022,Half-Hourly,190,228314095.8338219
E06000018,Nottingham,2022,Half-Hourly,1623,575958786.062863
E06000019,"Herefordshire, County of",2022,Half-Hourly,1251,438527332.4352466
E06000020,Telford and Wrekin,2022,Half-Hourly,1077,482381935.3925205
E06000021,Stoke-on-Trent,2022,Half-Hourly,1378,445200518.5450958
E06000022,Bath and North East Somerset,2022,Half-Hourly,997,218867660.3722602
E06000023,"Bristol, City of",2022,Half-Hourly,2718,815084430.0582741
E06000024,North Somerset,2022,Half-Hourly,978,285672476.0445069
E06000025,South Gloucestershire,2022,Half-Hourly,1552,576586378.7791369
E06000026,Plymouth,2022,Half-Hourly,1139,389413796.039192
E06000027,Torbay,2022,Half-Hourly,728,139637168.722
E06000030,Swindon,2022,Half-Hourly,1073,482280355.0518906
E06000031,Peterborough,2022,Half-Hourly,1074,494226376.4194384
E06000032,Luton,2022,Half-Hourly,776,292658692.292863
E06000033,Southend-on-Sea,2022,Half-Hourly,618,183174829.6994795
E06000034,Thurrock,2022,Half-Hourly,827,587058173.7712055
E06000035,Medway,2022,Half-Hourly,931,296561588.9078494
E06000036,Bracknell Forest,2022,Half-Hourly,517,231587119.5116301
E06000037,West Berkshire,2022,Half-Hourly,955,435014928.1583424
E06000038,Reading,2022,Half-Hourly,976,353997152.0918767
E06000039,Slough,2022,Half-Hourly,856,1407675459.313384
E06000040,Windsor and Maidenhead,2022,Half-Hourly,860,282872557.8739588
E06000041,Wokingham,2022,Half-Hourly,718,263217317.7923287
E06000042,Milton Keynes,2022,Half-Hourly,1585,755574980.0283699
E06000043,Brighton and Hove,2022,Half-Hourly,1203,301062852.5951507
E06000044,Portsmouth,2022,Half-Hourly,969,398668096.9619179
E06000045,Southampton,2022,Half-Hourly,1032,336709242.4032466
E06000046,Isle of Wight,2022,Half-Hourly,620,176508106.141685
E06000047,County Durham,2022,Half-Hourly,3087,913083760.2183561
E06000049,Cheshire East,2022,Half-Hourly,1917,701826252.8841509
E06000050,Cheshire West and Chester,2022,Half-Hourly,1827,1150184241.858521
E06000051,Shropshire,2022,Half-Hourly,1916,566785496.5457671
E06000052,Cornwall,2022,Half-Hourly,3178,848661057.5798768
E06000053,Isles of Scilly,2022,Half-Hourly,15,2516346.411849315
E06000054,Wiltshire,2022,Half-Hourly,2272,938569582.4443837
E06000055,Bedford,2022,Half-Hourly,891,338698110.0318631
E06000056,Central Bedfordshire,2022,Half-Hourly,1181,423347048.1031918
E06000057,Northumberland,2022,Half-Hourly,2068,767391526.7093014
E06000058,"Bournemouth, Christchurch and Poole",2022,Half-Hourly,1762,550262509.6010001
E06000059,Dorset,2022,Half-Hourly,1855,593487533.9424655
E06000060,Buckinghamshire,2022,Half-Hourly,2452,674740825.4070688
E06000061,North Northamptonshire,2022,Half-Hourly,1645,787901416.0977529
E06000062,West Northamptonshire,2022,Half-Hourly,1897,802429511.4193966
E06000063,Cumberland,2022,Half-Hourly,1404,548359219.5633972
E06000064,Westmorland and Furness,2022,Half-Hourly,1262,681642817.4788219
E06000065,North Yorkshire,2022,Half-Hourly,4513,1494747401.290768
E06000066,Somerset,2022,Half-Hourly,2965,961301033.6571913
E07000008,Cambridge,2022,Half-Hourly,990,482318180.3935754
E07000009,East Cambridgeshire,2022,Half-Hourly,469,186075373.3415891
E07000010,Fenland,2022,Half-Hourly,560,263933836.5103562
E07000011,Huntingdonshire,2022,Half-Hourly,976,377459946.3120274
E07000012,South Cambridgeshire,2022,Half-Hourly,924,402704051.2014245
E07000032,Amber Valley,2022,Half-Hourly,507,263698292.9857398
E07000033,Bolsover,2022,Half-Hourly,282,198654958.1743562
E07000034,Chesterfield,2022,Half-Hourly,511,168142922.3469041
E07000035,Derbyshire Dales,2022,Half-Hourly,320,174982810.8508767
E07000036,Erewash,2022,Half-Hourly,409,158573701.0243151
E07000037,High Peak,2022,Half-Hourly,418,517842027.7106849
E07000038,North East Derbyshire,2022,Half-Hourly,312,205170087.3513288
E07000039,South Derbyshire,2022,Half-Hourly,348,285654034.8476713
E07000040,East Devon,2022,Half-Hourly,734,142640175.6428356
E07000041,Exeter,2022,Half-Hourly,879,281223488.3477123
E07000042,Mid Devon,2022,Half-Hourly,438,137865182.9908356
E07000043,North Devon,2022,Half-Hourly,617,176817185.3486165
E07000044,South Hams,2022,Half-Hourly,565,162778538.3983288
E07000045,Teignbridge,2022,Half-Hourly,653,136108669.7743013
E07000046,Torridge,2022,Half-Hourly,380,69392796.33802739
E07000047,West Devon,2022,Half-Hourly,270,80148725.83338359
E07000061,Eastbourne,2022,Half-Hourly,437,117410311.775137
E07000062,Hastings,2022,Half-Hourly,339,86769579.2456986
E07000063,Lewes,2022,Half-Hourly,411,90624001.76739725
E07000064,Rother,2022,Half-Hourly,364,106493613.1347397
E07000065,Wealden,2022,Half-Hourly,588,115610503.0121918
E07000066,Basildon,2022,Half-Hourly,761,300781951.0806987
E07000067,Braintree,2022,Half-Hourly,674,162582594.1300137
E07000068,Brentwood,2022,Half-Hourly,352,85739097.20184928
E07000069,Castle Point,2022,Half-Hourly,245,51110993.03900001
E07000070,Chelmsford,2022,Half-Hourly,834,276076177.0619453
E07000071,Colchester,2022,Half-Hourly,835,264801727.0592741
E07000072,Epping Forest,2022,Half-Hourly,493,120255893.7973972
E07000073,Harlow,2022,Half-Hourly,477,209840890.3840821
E07000074,Maldon,2022,Half-Hourly,263,80132488.39824659
E07000075,Rochford,2022,Half-Hourly,297,72495323.22156164
E07000076,Tendring,2022,Half-Hourly,559,149371026.7836849
E07000077,Uttlesford,2022,Half-Hourly,362,147074601.4245479
E07000078,Cheltenham,2022,Half-Hourly,702,238639474.0716986
E07000079,Cotswold,2022,Half-Hourly,578,119904876.0247808
E07000080,Forest of Dean,2022,Half-Hourly,382,175257492.3340959
E07000081,Gloucester,2022,Half-Hourly,773,264325527.0916986
E07000082,Stroud,2022,Half-Hourly,607,202284548.7360274
E07000083,Tewkesbury,2022,Half-Hourly,568,235645527.9286301
E07000084,Basingstoke and Deane,2022,Half-Hourly,934,370790871.4018904
E07000085,East Hampshire,2022,Half-Hourly,541,126585657.1489863
E07000086,Eastleigh,2022,Half-Hourly,557,225534946.168041
E07000087,Fareham,2022,Half-Hourly,514,178136841.1691918
E07000088,Gosport,2022,Half-Hourly,283,94677345.56346576
E07000089,Hart,2022,Half-Hourly,371,238173993.1697534
E07000090,Havant,2022,Half-Hourly,436,129373154.9212328
E07000091,New Forest,2022,Half-Hourly,798,303380819.4188083
E07000092,Rushmoor,2022,Half-Hourly,471,170178149.3287535
E07000093,Test Valley,2022,Half-Hourly,740,226877380.4761643
E07000094,Winchester,2022,Half-Hourly,771,252578004.0220411
E07000095,Broxbourne,2022,Half-Hourly,383,162168884.9098768
E07000096,Dacorum,2022,Half-Hourly,653,405871290.0810274
E07000098,Hertsmere,2022,Half-Hourly,509,199643476.4176439
E07000099,North Hertfordshire,2022,Half-Hourly,660,172906019.2756575
E07000102,Three Rivers,2022,Half-Hourly,251,165374870.377
E07000103,Watford,2022,Half-Hourly,547,231539276.6033013
E07000105,Ashford,2022,Half-Hourly,688,190709624.1147397
E07000106,Canterbury,2022,Half-Hourly,690,221975785.7494931
E07000107,Dartford,2022,Half-Hourly,630,192856896.3685754
E07000108,Dover,2022,Half-Hourly,475,157718279.3522329
E07000109,Gravesham,2022,Half-Hourly,323,208598609.9586164
E07000110,Maidstone,2022,Half-Hourly,755,261584966.7295754
E07000111,Sevenoaks,2022,Half-Hourly,499,121882615.0768082
E07000112,Folkestone and Hythe,2022,Half-Hourly,415,157486707.0903562
E07000113,Swale,2022,Half-Hourly,652,392033609.2680273
E07000114,Thanet,2022,Half-Hourly,526,171101347.864863
E07000115,Tonbridge and Malling,2022,Half-Hourly,651,190745887.4790959
E07000116,Tunbridge Wells,2022,Half-Hourly,607,195828453.3257398
E07000117,Burnley,2022,Half-Hourly,400,159526286.5586575
E07000118,Chorley,2022,Half-Hourly,419,138146907.1165754
E07000119,Fylde,2022,Half-Hourly,374,156178841.0606712
E07000120,Hyndburn,2022,Half-Hourly,374,135219589.0236712
E07000121,Lancaster,2022,Half-Hourly,670,224917795.3364795
E07000122,Pendle,2022,Half-Hourly,347,148816555.4638767
E07000123,Preston,2022,Half-Hourly,783,265981846.1296712
E07000124,Ribble Valley,2022,Half-Hourly,252,271832991.4721507
E07000125,Rossendale,2022,Half-Hourly,248,163398649.2393014
E07000126,South Ribble,2022,Half-Hourly,493,215029819.5235479
E07000127,West Lancashire,2022,Half-Hourly,535,311257825.9088219
E07000128,Wyre,2022,Half-Hourly,438,236871785.4007808
E07000129,Blaby,2022,Half-Hourly,484,188154481.6877945
E07000130,Charnwood,2022,Half-Hourly,674,327948569.4020686
E07000131,Harborough,2022,Half-Hourly,433,125363850.7230137
E07000132,Hinckley and Bosworth,2022,Half-Hourly,422,184216764.0447671
E07000133,Melton,2022,Half-Hourly,225,135434080.5993835
E07000134,North West Leicestershire,2022,Half-Hourly,567,354571098.6098768
E07000135,Oadby and Wigston,2022,Half-Hourly,204,63270989.05356163
E07000136,Boston,2022,Half-Hourly,370,149351544.6525616
E07000137,East Lindsey,2022,Half-Hourly,833,290043323.2018768
E07000138,Lincoln,2022,Half-Hourly,500,170663519.2950822
E07000139,North Kesteven,2022,Half-Hourly,448,196889563.7386575
E07000140,South Holland,2022,Half-Hourly,412,258950859.7270411
E07000141,South Kesteven,2022,Half-Hourly,577,271379940.3772876
E07000142,West Lindsey,2022,Half-Hourly,497,145772593.8732877
E07000143,Breckland,2022,Half-Hourly,831,209375267.2663287
E07000144,Broadland,2022,Half-Hourly,568,160660270.8350274
E07000145,Great Yarmouth,2022,Half-Hourly,576,120618656.3287534
E07000146,King's Lynn and West Norfolk,2022,Half-Hourly,941,361879098.2680137
E07000147,North Norfolk,2022,Half-Hourly,672,190408511.8511644
E07000148,Norwich,2022,Half-Hourly,860,212015488.0223698
E07000149,South Norfolk,2022,Half-Hourly,613,202249094.3003424
E07000170,Ashfield,2022,Half-Hourly,537,271842519.383041
E07000171,Bassetlaw,2022,Half-Hourly,599,285565876.5496302
E07000172,Broxtowe,2022,Half-Hourly,367,106735249.3037123
E07000173,Gedling,2022,Half-Hourly,351,106961575.0411233
E07000174,Mansfield,2022,Half-Hourly,418,172744627.4941644
E07000175,Newark and Sherwood,2022,Half-Hourly,563,238013945.5914521
E07000176,Rushcliffe,2022,Half-Hourly,367,159703492.8385205
E07000177,Cherwell,2022,Half-Hourly,973,362298196.7039591
E07000178,Oxford,2022,Half-Hourly,932,467173264.1377808
E07000179,South Oxfordshire,2022,Half-Hourly,672,376103839.0530273
E07000180,Vale of White Horse,2022,Half-Hourly,778,391288642.3560138
E07000181,West Oxfordshire,2022,Half-Hourly,548,223175265.3840959
E07000192,Cannock Chase,2022,Half-Hourly,562,116704596.6616027
E07000193,East Staffordshire,2022,Half-Hourly,602,379722927.3034383
E07000194,Lichfield,2022,Half-Hourly,632,196684132.004
E07000195,Newcastle-under-Lyme,2022,Half-Hourly,554,207975802.8838081
E07000196,South Staffordshire,2022,Half-Hourly,534,242580888.030178
E07000197,Stafford,2022,Half-Hourly,832,231202940.5868905
E07000198,Staffordshire Moorlands,2022,Half-Hourly,388,233749520.2641644
E07000199,Tamworth,2022,Half-Hourly,337,122836088.0749315
E07000200,Babergh,2022,Half-Hourly,440,122851836.6271644
E07000202,Ipswich,2022,Half-Hourly,671,161507225.5448493
E07000203,Mid Suffolk,2022,Half-Hourly,497,197501725.8788219
E07000207,Elmbridge,2022,Half-Hourly,643,161323484.5216712
E07000208,Epsom and Ewell,2022,Half-Hourly,293,57803964.49216439
E07000209,Guildford,2022,Half-Hourly,787,242132582.9587946
E07000210,Mole Valley,2022,Half-Hourly,436,170991662.0273014
E07000211,Reigate and Banstead,2022,Half-Hourly,607,260094721.6761643
E07000212,Runnymede,2022,Half-Hourly,501,186083116.8676849
E07000213,Spelthorne,2022,Half-Hourly,448,152462996.3727123
E07000214,Surrey Heath,2022,Half-Hourly,448,143114617.513274
E07000215,Tandridge,2022,Half-Hourly,343,81488345.37723285
E07000216,Waverley,2022,Half-Hourly,484,99329259.81216438
E07000217,Woking,2022,Half-Hourly,505,320674371.3938218
E07000218,North Warwickshire,2022,Half-Hourly,434,401115871.6212876
E07000219,Nuneaton and Bedworth,2022,Half-Hourly,502,154427348.7973424
E07000220,Rugby,2022,Half-Hourly,563,416111990.0893013
E07000221,Stratford-on-Avon,2022,Half-Hourly,895,263422861.1064246
E07000222,Warwick,2022,Half-Hourly,712,278059357.3376576
E07000223,Adur,2022,Half-Hourly,252,98668087.64801368
E07000224,Arun,2022,Half-Hourly,581,133007835.4180822
E07000225,Chichester,2022,Half-Hourly,660,234121173.0088219
E07000226,Crawley,2022,Half-Hourly,651,393267207.4222877
E07000227,Horsham,2022,Half-Hourly,701,166906830.0934795
E07000228,Mid Sussex,2022,Half-Hourly,707,165484230.2873699
E07000229,Worthing,2022,Half-Hourly,418,100179787.7330274
E07000234,Bromsgrove,2022,Half-Hourly,476,110500900.3727397
E07000235,Malvern Hills,2022,Half-Hourly,427,102397910.1743014
E07000236,Redditch,2022,Half-Hourly,553,143739292.0460548
E07000237,Worcester,2022,Half-Hourly,609,182731071.7999589
E07000238,Wychavon,2022,Half-Hourly,862,293787901.2725891
E07000239,Wyre Forest,2022,Half-Hourly,539,154899974.3270274
E07000240,St Albans,2022,Half-Hourly,598,148125781.4246164
E07000241,Welwyn Hatfield,2022,Half-Hourly,537,448943221.9872878
E07000242,East Hertfordshire,2022,Half-Hourly,625,169668882.771315
E07000243,Stevenage,2022,Half-Hourly,383,190003337.0355479
E07000244,East Suffolk,2022,Half-Hourly,1230,467926309.269192
E07000245,West Suffolk,2022,Half-Hourly,1165,447544157.1492053
E08000001,Bolton,2022,Half-Hourly,1148,385813005.5778221
E08000002,Bury,2022,Half-Hourly,642,236363165.3848768
E08000003,Manchester,2022,Half-Hourly,3088,1381457104.596753
E08000004,Oldham,2022,Half-Hourly,851,305821186.598959
E08000005,Rochdale,2022,Half-Hourly,805,359770182.1104931
E08000006,Salford,2022,Half-Hourly,1320,459690358.2646849
E08000007,Stockport,2022,Half-Hourly,1172,373459399.4063425
E08000008,Tameside,2022,Half-Hourly,812,297126782.8292192
E08000009,Trafford,2022,Half-Hourly,1423,792155183.2231646
E08000010,Wigan,2022,Half-Hourly,1143,504165093.5110533
E08000011,Knowsley,2022,Half-Hourly,506,335530997.5303425
E08000012,Liverpool,2022,Half-Hourly,2469,885927444.6744796
E08000013,St. Helens,2022,Half-Hourly,688,379718803.8048081
E08000014,Sefton,2022,Half-Hourly,994,242723649.9080822
E08000015,Wirral,2022,Half-Hourly,978,335267027.8528904
E08000017,Doncaster,2022,Half-Hourly,1354,691175066.5982877
E08000018,Rotherham,2022,Half-Hourly,1180,492328654.2848904
E08000021,Newcastle upon Tyne,2022,Half-Hourly,2334,567131102.630726
E08000022,North Tyneside,2022,Half-Hourly,1255,378903970.9232603
E08000023,South Tyneside,2022,Half-Hourly,899,149112483.4656165
E08000024,Sunderland,2022,Half-Hourly,1802,623334404.4989862
E08000025,Birmingham,2022,Half-Hourly,5931,1894843820.180631
E08000026,Coventry,2022,Half-Hourly,1342,568808651.7065203
E08000027,Dudley,2022,Half-Hourly,1602,396431824.4365615
E08000028,Sandwell,2022,Half-Hourly,1966,627364511.8884246
E08000029,Solihull,2022,Half-Hourly,1182,498622166.3590409
E08000030,Walsall,2022,Half-Hourly,1400,388503245.1804109
E08000031,Wolverhampton,2022,Half-Hourly,1416,428876557.7242463
E08000032,Bradford,2022,Half-Hourly,2040,709860946.2889315
E08000033,Calderdale,2022,Half-Hourly,917,347260892.5144932
E08000034,Kirklees,2022,Half-Hourly,1668,569982427.2895753
E08000035,Leeds,2022,Half-Hourly,4122,1476194587.559055
E08000036,Wakefield,2022,Half-Hourly,1549,948132171.6059864
E08000037,Gateshead,2022,Half-Hourly,1577,430980229.381096
E08000038,Barnsley,2022,Half-Hourly,897,450166158.7602877
E08000039,Sheffield,2022,Half-Hourly,2628,1006562286.684452
E09000001,City of London,2022,Half-Hourly,2126,1548555307.518972
E09000002,Barking and Dagenham,2022,Half-Hourly,664,239181155.9853698
E09000003,Barnet,2022,Half-Hourly,1192,308138191.0751644
E09000004,Bexley,2022,Half-Hourly,719,315536028.8587261
E09000005,Brent,2022,Half-Hourly,1209,599268655.7009451
E09000006,Bromley,2022,Half-Hourly,924,223963525.023726
E09000007,Camden,2022,Half-Hourly,2163,928353454.2723289
E09000008,Croydon,2022,Half-Hourly,1262,460517404.0541916
E09000009,Ealing,2022,Half-Hourly,1372,753317495.4833698
E09000010,Enfield,2022,Half-Hourly,981,379762533.9369588
E09000011,Greenwich,2022,Half-Hourly,1067,326355663.1466575
E09000012,Hackney,2022,Half-Hourly,915,346681446.5360411
E09000013,Hammersmith and Fulham,2022,Half-Hourly,1027,504766957.004315
E09000014,Haringey,2022,Half-Hourly,791,299976797.6298767
E09000015,Harrow,2022,Half-Hourly,605,118576065.8147534
E09000016,Havering,2022,Half-Hourly,811,269326296.9735617
E09000017,Hillingdon,2022,Half-Hourly,1318,1075465107.604247
E09000018,Hounslow,2022,Half-Hourly,1204,751298165.3315071
E09000019,Islington,2022,Half-Hourly,1346,511016081.0283288
E09000020,Kensington and Chelsea,2022,Half-Hourly,1402,710776638.1635753
E09000021,Kingston upon Thames,2022,Half-Hourly,743,220884619.4516302
E09000022,Lambeth,2022,Half-Hourly,1066,410680870.5037671
E09000023,Lewisham,2022,Half-Hourly,695,156984968.0125342
E09000024,Merton,2022,Half-Hourly,720,343909040.7336301
E09000025,Newham,2022,Half-Hourly,1228,826645421.0463421
E09000026,Redbridge,2022,Half-Hourly,592,139871547.466137
E09000027,Richmond upon Thames,2022,Half-Hourly,714,201520029.926
E09000028,Southwark,2022,Half-Hourly,1530,652817862.468466
E09000029,Sutton,2022,Half-Hourly,586,271310708.2394931
E09000030,Tower Hamlets,2022,Half-Hourly,2819,1823140761.889439
E09000031,Waltham Forest,2022,Half-Hourly,629,192571659.437863
E09000032,Wandsworth,2022,Half-Hourly,1248,313128437.4428356
E09000033,Westminster,2022,Half-Hourly,5457,2269070821.517562
S12000005,Clackmannanshire,2022,Half-Hourly,189,177732814.9634384
S12000006,Dumfries and Galloway,2022,Half-Hourly,848,324788208.0792466
S12000008,East Ayrshire,2022,Half-Hourly,444,167457258.7762602
S12000010,East Lothian,2022,Half-Hourly,394,224921543.1743151
S12000011,East Renfrewshire,2022,Half-Hourly,240,44425641.0619863
S12000013,Na h-Eileanan Siar,2022,Half-Hourly,164,37104140.41652055
S12000014,Falkirk,2022,Half-Hourly,655,300412012.1126027
S12000017,Highland,2022,Half-Hourly,1678,608227461.0977533
S12000018,Inverclyde,2022,Half-Hourly,327,130635418.4771096
S12000019,Midlothian,2022,Half-Hourly,393,174252237.9745069
S12000020,Moray,2022,Half-Hourly,493,233491704.2823835
S12000021,North Ayrshire,2022,Half-Hourly,528,302721475.1872603
S12000023,Orkney Islands,2022,Half-Hourly,156,32072268.00279452
S12000026,Scottish Borders,2022,Half-Hourly,555,190810676.3176301
S12000027,Shetland Islands,2022,Half-Hourly,169,54988472.81375341
S12000028,South Ayrshire,2022,Half-Hourly,548,192174521.0838082
S12000029,South Lanarkshire,2022,Half-Hourly,1568,389102497.0025344
S12000030,Stirling,2022,Half-Hourly,551,229608860.250589
S12000033,Aberdeen City,2022,Half-Hourly,1658,494435596.3414928
S12000034,Aberdeenshire,2022,Half-Hourly,1513,472210858.009644
S12000035,Argyll and Bute,2022,Half-Hourly,568,144097670.5416438
S12000036,City of Edinburgh,2022,Half-Hourly,2606,1033709889.572876
S12000038,Renfrewshire,2022,Half-Hourly,884,345769930.3374932
S12000039,West Dunbartonshire,2022,Half-Hourly,364,162152255.2061781
S12000040,West Lothian,2022,Half-Hourly,894,362791532.0352738
S12000041,Angus,2022,Half-Hourly,616,205503828.1909315
S12000042,Dundee City,2022,Half-Hourly,762,230002554.9208904
S12000045,East Dunbartonshire,2022,Half-Hourly,309,111755895.5263014
S12000047,Fife,2022,Half-Hourly,1660,656865644.9833698
S12000048,Perth and Kinross,2022,Half-Hourly,921,254964374.5108631
S12000049,Glasgow City,2022,Half-Hourly,3485,1268696200.95326
S12000050,North Lanarkshire,2022,Half-Hourly,1446,611972110.7947944
W06000001,Isle of Anglesey / Ynys Môn,2022,Half-Hourly,358,105500139.2100411
W06000002,Gwynedd / Gwynedd,2022,Half-Hourly,746,173534658.0786028
W06000003,Conwy / Conwy,2022,Half-Hourly,606,115299211.9959315
W06000004,Denbighshire / Sir Ddinbych,2022,Half-Hourly,476,131523152.8549315
W06000005,Flintshire / Sir y Fflint,2022,Half-Hourly,744,674928497.8645891
W06000006,Wrexham / Wrecsam,2022,Half-Hourly,642,521419641.5576165
W06000008,Ceredigion / Ceredigion,2022,Half-Hourly,382,119027171.2886575
W06000009,Pembrokeshire / Sir Benfro,2022,Half-Hourly,712,501672445.2491918
W06000010,Carmarthenshire / Sir Gaerfyrddin,2022,Half-Hourly,941,406992702.475315
W06000011,Swansea / Abertawe,2022,Half-Hourly,1215,391248790.4403971
W06000012,Neath Port Talbot / Castell-nedd Port Talbot,2022,Half-Hourly,598,908835494.3753698
W06000013,Bridgend / Pen-y-bont ar Ogwr,2022,Half-Hourly,630,255767531.0978356
W06000014,Vale of Glamorgan / Bro Morgannwg,2022,Half-Hourly,446,335090173.2407535
W06000015,Cardiff / Caerdydd,2022,Half-Hourly,1823,791313026.4801646
W06000016,Rhondda Cynon Taf / Rhondda Cynon Taf,2022,Half-Hourly,845,288086049.455548
W06000018,Caerphilly / Caerffili,2022,Half-Hourly,617,289680776.3840822
W06000019,Blaenau Gwent / Blaenau Gwent,2022,Half-Hourly,280,120511514.1733014
W06000020,Torfaen / Torfaen,2022,Half-Hourly,396,216582527.1366849
W06000021,Monmouthshire / Sir Fynwy,2022,Half-Hourly,414,162420331.739726
W06000022,Newport / Casnewydd,2022,Half-Hourly,724,575253700.3090961
W06000023,Powys / Powys,2022,Half-Hourly,847,189902306.8948356
W06000024,Merthyr Tydfil / Merthyr Tudful,2022,Half-Hourly,252,88124277.0518767
E06000001,Hartlepool,2023,Half-Hourly,601,250798337.5570685
E06000002,Middlesbrough,2023,Half-Hourly,944,184259263.829452
E06000003,Redcar and Cleveland,2023,Half-Hourly,642,525723429.804
E06000004,Stockton-on-Tees,2023,Half-Hourly,1287,692543307.4026985
E06000005,Darlington,2023,Half-Hourly,646,217088184.5038767
E06000006,Halton,2023,Half-Hourly,655,389772930.4329863
E06000007,Warrington,2023,Half-Hourly,1115,432191173.2072603
E06000008,Blackburn with Darwen,2023,Half-Hourly,699,265998058.4164521
E06000009,Blackpool,2023,Half-Hourly,664,197983980.9789726
E06000010,"Kingston upon Hull, City of",2023,Half-Hourly,1392,563996236.0834521
E06000011,East Riding of Yorkshire,2023,Half-Hourly,1781,781942993.0584517
E06000012,North East Lincolnshire,2023,Half-Hourly,684,444556376.3619726
E06000013,North Lincolnshire,2023,Half-Hourly,959,783475039.1691232
E06000014,York,2023,Half-Hourly,1385,321943360.1083972
E06000015,Derby,2023,Half-Hourly,1035,481233605.5855891
E06000016,Leicester,2023,Half-Hourly,1552,621632292.0320139
E06000017,Rutland,2023,Half-Hourly,192,210360887.2099178
E06000018,Nottingham,2023,Half-Hourly,1614,537808534.5127534
E06000019,"Herefordshire, County of",2023,Half-Hourly,1243,407330336.5631781
E06000020,Telford and Wrekin,2023,Half-Hourly,1114,464192492.5738493
E06000021,Stoke-on-Trent,2023,Half-Hourly,1350,423496716.5112328
E06000022,Bath and North East Somerset,2023,Half-Hourly,991,217560616.9357671
E06000023,"Bristol, City of",2023,Half-Hourly,2696,791907897.476178
E06000024,North Somerset,2023,Half-Hourly,973,281278115.5159862
E06000025,South Gloucestershire,2023,Half-Hourly,1592,575081633.4641782
E06000026,Plymouth,2023,Half-Hourly,1146,372862844.6122603
E06000027,Torbay,2023,Half-Hourly,717,140109560.0544384
E06000030,Swindon,2023,Half-Hourly,1044,493588885.5040823
E06000031,Peterborough,2023,Half-Hourly,1085,476492446.9724658
E06000032,Luton,2023,Half-Hourly,765,286825252.1011368
E06000033,Southend-on-Sea,2023,Half-Hourly,598,174845931.3196576
E06000034,Thurrock,2023,Half-Hourly,807,571768751.9540136
E06000035,Medway,2023,Half-Hourly,921,284957311.2767534
E06000036,Bracknell Forest,2023,Half-Hourly,519,231980929.9290685
E06000037,West Berkshire,2023,Half-Hourly,949,426043285.1248355
E06000038,Reading,2023,Half-Hourly,950,344485932.0681917
E06000039,Slough,2023,Half-Hourly,841,1567860265.912479
E06000040,Windsor and Maidenhead,2023,Half-Hourly,837,277838010.6548767
E06000041,Wokingham,2023,Half-Hourly,691,226498701.4373425
E06000042,Milton Keynes,2023,Half-Hourly,1614,747613400.9917945
E06000043,Brighton and Hove,2023,Half-Hourly,1216,303743107.2263973
E06000044,Portsmouth,2023,Half-Hourly,953,389063392.3186851
E06000045,Southampton,2023,Half-Hourly,1002,351563251.5744931
E06000046,Isle of Wight,2023,Half-Hourly,606,171500884.4636576
E06000047,County Durham,2023,Half-Hourly,3048,893020024.9184794
E06000049,Cheshire East,2023,Half-Hourly,1930,729658867.6515615
E06000050,Cheshire West and Chester,2023,Half-Hourly,1811,1039337968.257918
E06000051,Shropshire,2023,Half-Hourly,1881,541140240.0949593
E06000052,Cornwall,2023,Half-Hourly,3153,836389976.774726
E06000053,Isles of Scilly,2023,Half-Hourly,16,2864302.71
E06000054,Wiltshire,2023,Half-Hourly,2184,969234021.9911505
E06000055,Bedford,2023,Half-Hourly,885,329606652.1821919
E06000056,Central Bedfordshire,2023,Half-Hourly,1203,424694466.8729316
E06000057,Northumberland,2023,Half-Hourly,2068,755857130.4219862
E06000058,"Bournemouth, Christchurch and Poole",2023,Half-Hourly,1682,525832454.7312464
E06000059,Dorset,2023,Half-Hourly,1795,438164767.217329
E06000060,Buckinghamshire,2023,Half-Hourly,2432,658260351.3463702
E06000061,North Northamptonshire,2023,Half-Hourly,1655,795407016.1893562
E06000062,West Northamptonshire,2023,Half-Hourly,1920,783621628.9885067
E06000063,Cumberland,2023,Half-Hourly,1401,515362070.2256165
E06000064,Westmorland and Furness,2023,Half-Hourly,1251,654933530.3943563
E06000065,North Yorkshire,2023,Half-Hourly,4487,1445351673.476712
E06000066,Somerset,2023,Half-Hourly,2892,948026120.041014
E07000008,Cambridge,2023,Half-Hourly,1004,486214426.9216165
E07000009,East Cambridgeshire,2023,Half-Hourly,468,181150320.0243562
E07000010,Fenland,2023,Half-Hourly,554,246022991.4216164
E07000011,Huntingdonshire,2023,Half-Hourly,976,360842976.5728356
E07000012,South Cambridgeshire,2023,Half-Hourly,940,400727154.9156301
E07000032,Amber Valley,2023,Half-Hourly,507,247499741.9940685
E07000033,Bolsover,2023,Half-Hourly,295,188731992.9045343
E07000034,Chesterfield,2023,Half-Hourly,514,156179760.9653013
E07000035,Derbyshire Dales,2023,Half-Hourly,328,151362603.0852466
E07000036,Erewash,2023,Half-Hourly,391,148282566.3380411
E07000037,High Peak,2023,Half-Hourly,408,501422743.6976438
E07000038,North East Derbyshire,2023,Half-Hourly,309,205822230.630863
E07000039,South Derbyshire,2023,Half-Hourly,358,275353748.6377672
E07000040,East Devon,2023,Half-Hourly,728,140927898.6341644
E07000041,Exeter,2023,Half-Hourly,881,278041458.7670411
E07000042,Mid Devon,2023,Half-Hourly,440,135956965.5460685
E07000043,North Devon,2023,Half-Hourly,607,164761440.421411
E07000044,South Hams,2023,Half-Hourly,563,158033962.3868904
E07000045,Teignbridge,2023,Half-Hourly,647,133450561.6025205
E07000046,Torridge,2023,Half-Hourly,375,69206976.92323287
E07000047,West Devon,2023,Half-Hourly,265,69205478.08580822
E07000061,Eastbourne,2023,Half-Hourly,426,120744321.4410137
E07000062,Hastings,2023,Half-Hourly,332,83804638.86839727
E07000063,Lewes,2023,Half-Hourly,401,94284589.43089043
E07000064,Rother,2023,Half-Hourly,365,102398921.4983972
E07000065,Wealden,2023,Half-Hourly,587,115406018.451137
E07000066,Basildon,2023,Half-Hourly,765,285076145.6648493
E07000067,Braintree,2023,Half-Hourly,690,165753289.6047123
E07000068,Brentwood,2023,Half-Hourly,347,81595231.07095891
E07000069,Castle Point,2023,Half-Hourly,238,49145086.31621917
E07000070,Chelmsford,2023,Half-Hourly,840,264414711.5207946
E07000071,Colchester,2023,Half-Hourly,852,269897579.1539726
E07000072,Epping Forest,2023,Half-Hourly,487,117368118.2374931
E07000073,Harlow,2023,Half-Hourly,471,213876681.8848493
E07000074,Maldon,2023,Half-Hourly,256,80325274.8099041
E07000075,Rochford,2023,Half-Hourly,296,67254542.07216439
E07000076,Tendring,2023,Half-Hourly,563,146033016.1522876
E07000077,Uttlesford,2023,Half-Hourly,349,150843448.9473014
E07000078,Cheltenham,2023,Half-Hourly,705,234617473.8645205
E07000079,Cotswold,2023,Half-Hourly,567,128812766.0473151
E07000080,Forest of Dean,2023,Half-Hourly,384,169508974.6290411
E07000081,Gloucester,2023,Half-Hourly,776,248194158.3997808
E07000082,Stroud,2023,Half-Hourly,606,201183372.9245206
E07000083,Tewkesbury,2023,Half-Hourly,556,218701262.7610959
E07000084,Basingstoke and Deane,2023,Half-Hourly,919,337895863.3527946
E07000085,East Hampshire,2023,Half-Hourly,502,118167108.0327534
E07000086,Eastleigh,2023,Half-Hourly,543,217857184.648411
E07000087,Fareham,2023,Half-Hourly,480,177912276.9856575
E07000088,Gosport,2023,Half-Hourly,277,92337086.60639729
E07000089,Hart,2023,Half-Hourly,379,236199454.5715479
E07000090,Havant,2023,Half-Hourly,409,122811902.3748493
E07000091,New Forest,2023,Half-Hourly,757,289204877.6212054
E07000092,Rushmoor,2023,Half-Hourly,460,176266761.9308904
E07000093,Test Valley,2023,Half-Hourly,741,225482680.3483561
E07000094,Winchester,2023,Half-Hourly,755,254919642.5202603
E07000095,Broxbourne,2023,Half-Hourly,380,163841534.8336986
E07000096,Dacorum,2023,Half-Hourly,672,415041568.7626987
E07000098,Hertsmere,2023,Half-Hourly,494,200548512.0450822
E07000099,North Hertfordshire,2023,Half-Hourly,662,157116916.5620822
E07000102,Three Rivers,2023,Half-Hourly,257,185476290.5263973
E07000103,Watford,2023,Half-Hourly,541,214355377.4646028
E07000105,Ashford,2023,Half-Hourly,697,183780120.8458493
E07000106,Canterbury,2023,Half-Hourly,687,206267590.2440274
E07000107,Dartford,2023,Half-Hourly,634,190274670.9431096
E07000108,Dover,2023,Half-Hourly,457,134812833.5026987
E07000109,Gravesham,2023,Half-Hourly,318,191985359.6211918
E07000110,Maidstone,2023,Half-Hourly,751,246418437.0430959
E07000111,Sevenoaks,2023,Half-Hourly,497,115316740.8832329
E07000112,Folkestone and Hythe,2023,Half-Hourly,403,156656041.4752329
E07000113,Swale,2023,Half-Hourly,651,331513891.4349315
E07000114,Thanet,2023,Half-Hourly,512,160984231.7797397
E07000115,Tonbridge and Malling,2023,Half-Hourly,669,203798438.9415069
E07000116,Tunbridge Wells,2023,Half-Hourly,608,195072672.6233836
E07000117,Burnley,2023,Half-Hourly,405,154514278.1216027
E07000118,Chorley,2023,Half-Hourly,422,126848744.2472602
E07000119,Fylde,2023,Half-Hourly,364,153376677.9621918
E07000120,Hyndburn,2023,Half-Hourly,365,135551351.3236986
E07000121,Lancaster,2023,Half-Hourly,670,216925523.8531644
E07000122,Pendle,2023,Half-Hourly,347,140764097.1214384
E07000123,Preston,2023,Half-Hourly,767,261370962.9640138
E07000124,Ribble Valley,2023,Half-Hourly,256,260690819.7696849
E07000125,Rossendale,2023,Half-Hourly,246,139071052.7027671
E07000126,South Ribble,2023,Half-Hourly,489,211555918.3212603
E07000127,West Lancashire,2023,Half-Hourly,535,272819609.7127945
E07000128,Wyre,2023,Half-Hourly,431,229367007.2041096
E07000129,Blaby,2023,Half-Hourly,499,199575931.1039726
E07000130,Charnwood,2023,Half-Hourly,674,310717713.9201917
E07000131,Harborough,2023,Half-Hourly,442,124474894.7159452
E07000132,Hinckley and Bosworth,2023,Half-Hourly,444,182850176.8360685
E07000133,Melton,2023,Half-Hourly,230,114607908.7422329
E07000134,North West Leicestershire,2023,Half-Hourly,590,341522459.380411
E07000135,Oadby and Wigston,2023,Half-Hourly,209,64589013.60739725
E07000136,Boston,2023,Half-Hourly,356,145592859.4554932
E07000137,East Lindsey,2023,Half-Hourly,819,307344545.9262602
E07000138,Lincoln,2023,Half-Hourly,510,164925898.8663698
E07000139,North Kesteven,2023,Half-Hourly,455,194591683.6856438
E07000140,South Holland,2023,Half-Hourly,416,242782087.0740137
E07000141,South Kesteven,2023,Half-Hourly,575,245786370.7612191
E07000142,West Lindsey,2023,Half-Hourly,495,143923609.768589
E07000143,Breckland,2023,Half-Hourly,820,206741158.3242465
E07000144,Broadland,2023,Half-Hourly,568,157807300.0438904
E07000145,Great Yarmouth,2023,Half-Hourly,572,119230865.4273562
E07000146,King's Lynn and West Norfolk,2023,Half-Hourly,936,312799395.2063425
E07000147,North Norfolk,2023,Half-Hourly,668,184046903.0109316
E07000148,Norwich,2023,Half-Hourly,850,210542388.9633698
E07000149,South Norfolk,2023,Half-Hourly,614,202907813.676726
E07000170,Ashfield,2023,Half-Hourly,534,252882974.7902603
E07000171,Bassetlaw,2023,Half-Hourly,605,277251273.9312877
E07000172,Broxtowe,2023,Half-Hourly,372,106579037.8557671
E07000173,Gedling,2023,Half-Hourly,353,100038064.2560548
E07000174,Mansfield,2023,Half-Hourly,410,159294749.2724931
E07000175,Newark and Sherwood,2023,Half-Hourly,578,236354540.9993699
E07000176,Rushcliffe,2023,Half-Hourly,390,166282773.505274
E07000177,Cherwell,2023,Half-Hourly,988,363532197.6844658
E07000178,Oxford,2023,Half-Hourly,927,459559151.943
E07000179,South Oxfordshire,2023,Half-Hourly,664,377771898.8147396
E07000180,Vale of White Horse,2023,Half-Hourly,767,404687149.0432193
E07000181,West Oxfordshire,2023,Half-Hourly,558,216835241.264863
E07000192,Cannock Chase,2023,Half-Hourly,553,112498621.1862192
E07000193,East Staffordshire,2023,Half-Hourly,601,373087887.2167672
E07000194,Lichfield,2023,Half-Hourly,631,203173019.6272877
E07000195,Newcastle-under-Lyme,2023,Half-Hourly,554,198199437.1161918
E07000196,South Staffordshire,2023,Half-Hourly,531,241918927.4348219
E07000197,Stafford,2023,Half-Hourly,844,225841895.8457534
E07000198,Staffordshire Moorlands,2023,Half-Hourly,381,224917161.2390822
E07000199,Tamworth,2023,Half-Hourly,344,116323077.5107671
E07000200,Babergh,2023,Half-Hourly,440,121554037.1013151
E07000202,Ipswich,2023,Half-Hourly,665,156539675.3318219
E07000203,Mid Suffolk,2023,Half-Hourly,515,197872391.8804246
E07000207,Elmbridge,2023,Half-Hourly,653,158868034.6773699
E07000208,Epsom and Ewell,2023,Half-Hourly,293,56010142.86058904
E07000209,Guildford,2023,Half-Hourly,794,231549887.6042877
E07000210,Mole Valley,2023,Half-Hourly,425,168663695.4928083
E07000211,Reigate and Banstead,2023,Half-Hourly,608,258650759.6323014
E07000212,Runnymede,2023,Half-Hourly,489,179580765.686863
E07000213,Spelthorne,2023,Half-Hourly,450,148577782.6028219
E07000214,Surrey Heath,2023,Half-Hourly,435,143736784.2106712
E07000215,Tandridge,2023,Half-Hourly,341,78131551.63221918
E07000216,Waverley,2023,Half-Hourly,470,97061404.28332873
E07000217,Woking,2023,Half-Hourly,520,306387374.5492328
E07000218,North Warwickshire,2023,Half-Hourly,442,390693773.1966712
E07000219,Nuneaton and Bedworth,2023,Half-Hourly,496,152580277.0552329
E07000220,Rugby,2023,Half-Hourly,587,389284116.1939864
E07000221,Stratford-on-Avon,2023,Half-Hourly,888,261304732.2712191
E07000222,Warwick,2023,Half-Hourly,751,264501018.8158631
E07000223,Adur,2023,Half-Hourly,257,96241207.45510958
E07000224,Arun,2023,Half-Hourly,581,132818617.6813699
E07000225,Chichester,2023,Half-Hourly,627,213164218.5087124
E07000226,Crawley,2023,Half-Hourly,651,381370873.817041
E07000227,Horsham,2023,Half-Hourly,706,166047013.4928904
E07000228,Mid Sussex,2023,Half-Hourly,712,167905238.6074794
E07000229,Worthing,2023,Half-Hourly,429,91139399.88983561
E07000234,Bromsgrove,2023,Half-Hourly,465,106883772.3838767
E07000235,Malvern Hills,2023,Half-Hourly,433,96829493.9128493
E07000236,Redditch,2023,Half-Hourly,554,135020520.1655753
E07000237,Worcester,2023,Half-Hourly,612,171655012.4050959
E07000238,Wychavon,2023,Half-Hourly,875,279911563.6825068
E07000239,Wyre Forest,2023,Half-Hourly,531,150767186.9310822
E07000240,St Albans,2023,Half-Hourly,605,139692322.2851644
E07000241,Welwyn Hatfield,2023,Half-Hourly,546,433825690.4585344
E07000242,East Hertfordshire,2023,Half-Hourly,624,184519576.7922055
E07000243,Stevenage,2023,Half-Hourly,379,198836116.6084247
E07000244,East Suffolk,2023,Half-Hourly,1229,458297423.7784932
E07000245,West Suffolk,2023,Half-Hourly,1157,431430195.0541097
E08000001,Bolton,2023,Half-Hourly,1148,375390896.6953973
E08000002,Bury,2023,Half-Hourly,641,239195181.9797534
E08000003,Manchester,2023,Half-Hourly,3129,1373820947.899534
E08000004,Oldham,2023,Half-Hourly,852,285631286.6635479
E08000005,Rochdale,2023,Half-Hourly,804,335346997.6817672
E08000006,Salford,2023,Half-Hourly,1326,453953826.7958357
E08000007,Stockport,2023,Half-Hourly,1185,345420351.3417808
E08000008,Tameside,2023,Half-Hourly,790,279245742.9330823
E08000009,Trafford,2023,Half-Hourly,1458,788214723.8742878
E08000010,Wigan,2023,Half-Hourly,1132,475373429.4952878
E08000011,Knowsley,2023,Half-Hourly,508,322738219.8276439
E08000012,Liverpool,2023,Half-Hourly,2458,850477948.2454659
E08000013,St. Helens,2023,Half-Hourly,671,365120955.0502603
E08000014,Sefton,2023,Half-Hourly,956,265147675.1438356
E08000015,Wirral,2023,Half-Hourly,956,319280296.8191506
E08000017,Doncaster,2023,Half-Hourly,1387,641323968.2889998
E08000018,Rotherham,2023,Half-Hourly,1206,477254776.5478905
E08000021,Newcastle upon Tyne,2023,Half-Hourly,2317,543204361.0305891
E08000022,North Tyneside,2023,Half-Hourly,1258,377201317.2609863
E08000023,South Tyneside,2023,Half-Hourly,887,140367762.7453425
E08000024,Sunderland,2023,Half-Hourly,1807,623574946.4848903
E08000025,Birmingham,2023,Half-Hourly,5932,1861323235.118931
E08000026,Coventry,2023,Half-Hourly,1331,554460489.5023425
E08000027,Dudley,2023,Half-Hourly,1575,374206991.2466711
E08000028,Sandwell,2023,Half-Hourly,1954,573517001.9736439
E08000029,Solihull,2023,Half-Hourly,1185,503920001.3582604
E08000030,Walsall,2023,Half-Hourly,1369,378558174.6079178
E08000031,Wolverhampton,2023,Half-Hourly,1396,428393063.7156712
E08000032,Bradford,2023,Half-Hourly,2027,662073812.0919176
E08000033,Calderdale,2023,Half-Hourly,893,312515925.52437
E08000034,Kirklees,2023,Half-Hourly,1648,542002757.801137
E08000035,Leeds,2023,Half-Hourly,4200,1419024715.038055
E08000036,Wakefield,2023,Half-Hourly,1564,915447172.3104385
E08000037,Gateshead,2023,Half-Hourly,1553,407946797.3514518
E08000038,Barnsley,2023,Half-Hourly,906,459593434.0032876
E08000039,Sheffield,2023,Half-Hourly,2633,993771580.9223149
E09000001,City of London,2023,Half-Hourly,2099,1501978299.615178
E09000002,Barking and Dagenham,2023,Half-Hourly,675,246145886.8525891
E09000003,Barnet,2023,Half-Hourly,1219,308541695.1183562
E09000004,Bexley,2023,Half-Hourly,701,319065919.4033014
E09000005,Brent,2023,Half-Hourly,1183,581871465.203
E09000006,Bromley,2023,Half-Hourly,922,240559342.2439452
E09000007,Camden,2023,Half-Hourly,2170,911138330.2552464
E09000008,Croydon,2023,Half-Hourly,1254,445328910.0832875
E09000009,Ealing,2023,Half-Hourly,1353,761106525.9696163
E09000010,Enfield,2023,Half-Hourly,986,361201049.3530685
E09000011,Greenwich,2023,Half-Hourly,1057,325069622.039781
E09000012,Hackney,2023,Half-Hourly,913,349853576.8250548
E09000013,Hammersmith and Fulham,2023,Half-Hourly,1036,500837352.6704383
E09000014,Haringey,2023,Half-Hourly,797,293486330.0533014
E09000015,Harrow,2023,Half-Hourly,597,115069210.2199178
E09000016,Havering,2023,Half-Hourly,819,265686105.1243973
E09000017,Hillingdon,2023,Half-Hourly,1296,1225147819.002534
E09000018,Hounslow,2023,Half-Hourly,1189,736979274.0411508
E09000019,Islington,2023,Half-Hourly,1343,507652178.4998769
E09000020,Kensington and Chelsea,2023,Half-Hourly,1396,726291451.3047125
E09000021,Kingston upon Thames,2023,Half-Hourly,752,220247713.3079042
E09000022,Lambeth,2023,Half-Hourly,1068,399781618.8969179
E09000023,Lewisham,2023,Half-Hourly,692,158713041.6372329
E09000024,Merton,2023,Half-Hourly,709,357816477.4924657
E09000025,Newham,2023,Half-Hourly,1251,842471161.1689315
E09000026,Redbridge,2023,Half-Hourly,593,132714296.6277946
E09000027,Richmond upon Thames,2023,Half-Hourly,717,201831477.2875205
E09000028,Southwark,2023,Half-Hourly,1528,626937523.8570137
E09000029,Sutton,2023,Half-Hourly,597,267246594.1166301
E09000030,Tower Hamlets,2023,Half-Hourly,2866,1726762303.623219
E09000031,Waltham Forest,2023,Half-Hourly,632,189716262.7794247
E09000032,Wandsworth,2023,Half-Hourly,1264,326390210.0365068
E09000033,Westminster,2023,Half-Hourly,5452,2294830049.222249
S12000005,Clackmannanshire,2023,Half-Hourly,191,169762312.4781918
S12000006,Dumfries and Galloway,2023,Half-Hourly,835,311351056.1230137
S12000008,East Ayrshire,2023,Half-Hourly,438,164507796.4003014
S12000010,East Lothian,2023,Half-Hourly,402,223320169.7063013
S12000011,East Renfrewshire,2023,Half-Hourly,254,44251812.86964384
S12000013,Na h-Eileanan Siar,2023,Half-Hourly,163,36870465.3
S12000014,Falkirk,2023,Half-Hourly,661,282792597.4729179
S12000017,Highland,2023,Half-Hourly,1690,612868864.7293149
S12000018,Inverclyde,2023,Half-Hourly,333,129882014.1094658
S12000019,Midlothian,2023,Half-Hourly,402,166576044.9540822
S12000020,Moray,2023,Half-Hourly,494,238031237.036
S12000021,North Ayrshire,2023,Half-Hourly,528,304882911.4226164
S12000023,Orkney Islands,2023,Half-Hourly,154,33020815.59
S12000026,Scottish Borders,2023,Half-Hourly,541,183469120.3054521
S12000027,Shetland Islands,2023,Half-Hourly,170,56560381.22000001
S12000028,South Ayrshire,2023,Half-Hourly,551,196921075.5326987
S12000029,South Lanarkshire,2023,Half-Hourly,1576,377005370.6499043
S12000030,Stirling,2023,Half-Hourly,555,199170323.6278904
S12000033,Aberdeen City,2023,Half-Hourly,1637,469274606.7173014
S12000034,Aberdeenshire,2023,Half-Hourly,1517,440585400.374055
S12000035,Argyll and Bute,2023,Half-Hourly,571,140548093.5460001
S12000036,City of Edinburgh,2023,Half-Hourly,2636,1037856838.062891
S12000038,Renfrewshire,2023,Half-Hourly,891,347289516.782452
S12000039,West Dunbartonshire,2023,Half-Hourly,367,165135311.507274
S12000040,West Lothian,2023,Half-Hourly,893,353350089.3612465
S12000041,Angus,2023,Half-Hourly,609,202222369.8041095
S12000042,Dundee City,2023,Half-Hourly,758,262461751.3989999
S12000045,East Dunbartonshire,2023,Half-Hourly,318,107027957.311411
S12000047,Fife,2023,Half-Hourly,1653,646952896.6582191
S12000048,Perth and Kinross,2023,Half-Hourly,923,249783584.8017535
S12000049,Glasgow City,2023,Half-Hourly,3464,1228281189.793068
S12000050,North Lanarkshire,2023,Half-Hourly,1468,598228565.1764657
W06000001,Isle of Anglesey / Ynys Môn,2023,Half-Hourly,351,92013097.51543833
W06000002,Gwynedd / Gwynedd,2023,Half-Hourly,734,171200717.5353973
W06000003,Conwy / Conwy,2023,Half-Hourly,603,113320095.5855206
W06000004,Denbighshire / Sir Ddinbych,2023,Half-Hourly,474,126310439.0384795
W06000005,Flintshire / Sir y Fflint,2023,Half-Hourly,725,609265677.3632056
W06000006,Wrexham / Wrecsam,2023,Half-Hourly,630,498383153.5592465
W06000008,Ceredigion / Ceredigion,2023,Half-Hourly,379,116136269.3364658
W06000009,Pembrokeshire / Sir Benfro,2023,Half-Hourly,710,434503987.2844932
W06000010,Carmarthenshire / Sir Gaerfyrddin,2023,Half-Hourly,934,398001333.9943287
W06000011,Swansea / Abertawe,2023,Half-Hourly,1215,382429080.8236711
W06000012,Neath Port Talbot / Castell-nedd Port Talbot,2023,Half-Hourly,579,930830499.8426576
W06000013,Bridgend / Pen-y-bont ar Ogwr,2023,Half-Hourly,633,266656119.0827124
W06000014,Vale of Glamorgan / Bro Morgannwg,2023,Half-Hourly,447,324496669.7939041
W06000015,Cardiff / Caerdydd,2023,Half-Hourly,1812,761811315.1682465
W06000016,Rhondda Cynon Taf / Rhondda Cynon Taf,2023,Half-Hourly,840,269239222.621274
W06000018,Caerphilly / Caerffili,2023,Half-Hourly,602,271525800.4114383
W06000019,Blaenau Gwent / Blaenau Gwent,2023,Half-Hourly,283,111441546.7966438
W06000020,Torfaen / Torfaen,2023,Half-Hourly,390,215105033.269589
W06000021,Monmouthshire / Sir Fynwy,2023,Half-Hourly,419,157532276.4912466
W06000022,Newport / Casnewydd,2023,Half-Hourly,721,646969213.9122193
W06000023,Powys / Powys,2023,Half-Hourly,858,189375833.0089999
W06000024,Merthyr Tydfil / Merthyr Tudful,2023,Half-Hourly,251,84600112.3370274
E06000001,Hartlepool,2024,Half-Hourly,671,251960014.5015356
E06000002,Middlesbrough,2024,Half-Hourly,1027,182772141.7316447
E06000003,Redcar and Cleveland,2024,Half-Hourly,722,526191511.1237488
E06000004,Stockton-on-Tees,2024,Half-Hourly,1509,682824965.9260222
E06000005,Darlington,2024,Half-Hourly,763,209883361.6745521
E06000006,Halton,2024,Half-Hourly,782,390654470.7579998
E06000007,Warrington,2024,Half-Hourly,1431,424732416.5204644
E06000008,Blackburn with Darwen,2024,Half-Hourly,816,259220746.0902732
E06000009,Blackpool,2024,Half-Hourly,736,193289839.805448
E06000010,"Kingston upon Hull, City of",2024,Half-Hourly,1490,566048154.2875408
E06000011,East Riding of Yorkshire,2024,Half-Hourly,2098,780222077.9419832
E06000012,North East Lincolnshire,2024,Half-Hourly,813,419549504.8818525
E06000013,North Lincolnshire,2024,Half-Hourly,1096,757890800.5971749
E06000014,York,2024,Half-Hourly,1622,375500228.4801859
E06000015,Derby,2024,Half-Hourly,1331,491726265.8274755
E06000016,Leicester,2024,Half-Hourly,1735,613445703.4384373
E06000017,Rutland,2024,Half-Hourly,263,193757486.2756777
E06000018,Nottingham,2024,Half-Hourly,1778,528303443.6543881
E06000019,"Herefordshire, County of",2024,Half-Hourly,1487,406817314.9887321
E06000020,Telford and Wrekin,2024,Half-Hourly,1352,432904620.4576832
E06000021,Stoke-on-Trent,2024,Half-Hourly,1533,409917622.7900819
E06000022,Bath and North East Somerset,2024,Half-Hourly,1321,222816441.7146723
E06000023,"Bristol, City of",2024,Half-Hourly,3194,803782333.7801805
E06000024,North Somerset,2024,Half-Hourly,1396,283796319.1728414
E06000025,South Gloucestershire,2024,Half-Hourly,2060,584070968.5975463
E06000026,Plymouth,2024,Half-Hourly,1506,355826596.4147048
E06000027,Torbay,2024,Half-Hourly,895,142134203.0069781
E06000030,Swindon,2024,Half-Hourly,1324,490316648.5291418
E06000031,Peterborough,2024,Half-Hourly,1277,495281002.2338465
E06000032,Luton,2024,Half-Hourly,884,276855455.685175
E06000033,Southend-on-Sea,2024,Half-Hourly,726,174215352.1079672
E06000034,Thurrock,2024,Half-Hourly,942,546521700.7176449
E06000035,Medway,2024,Half-Hourly,1232,287217782.2756884
E06000036,Bracknell Forest,2024,Half-Hourly,741,227685604.5195083
E06000037,West Berkshire,2024,Half-Hourly,1294,432776994.0731364
E06000038,Reading,2024,Half-Hourly,1072,349424754.6809396
E06000039,Slough,2024,Half-Hourly,918,1734307406.912324
E06000040,Windsor and Maidenhead,2024,Half-Hourly,1121,270347502.7511582
E06000041,Wokingham,2024,Half-Hourly,1160,222700287.6909725
E06000042,Milton Keynes,2024,Half-Hourly,2138,735276735.7198417
E06000043,Brighton and Hove,2024,Half-Hourly,1536,300891762.7777593
E06000044,Portsmouth,2024,Half-Hourly,1084,387912588.843989
E06000045,Southampton,2024,Half-Hourly,1161,368302879.7722623
E06000046,Isle of Wight,2024,Half-Hourly,719,169096820.7924101
E06000047,County Durham,2024,Half-Hourly,3577,897441259.1343827
E06000049,Cheshire East,2024,Half-Hourly,2636,751716205.8753824
E06000050,Cheshire West and Chester,2024,Half-Hourly,2354,1034861521.861956
E06000051,Shropshire,2024,Half-Hourly,2297,551544829.6376995
E06000052,Cornwall,2024,Half-Hourly,4329,850235995.4935682
E06000053,Isles of Scilly,2024,Half-Hourly,18,3329818.149999999
E06000054,Wiltshire,2024,Half-Hourly,2895,1062856889.36781
E06000055,Bedford,2024,Half-Hourly,1136,327470327.2326719
E06000056,Central Bedfordshire,2024,Half-Hourly,1689,439791812.713612
E06000057,Northumberland,2024,Half-Hourly,2447,816980731.9285246
E06000058,"Bournemouth, Christchurch and Poole",2024,Half-Hourly,2133,522004097.6163169
E06000059,Dorset,2024,Half-Hourly,2279,452894444.6733552
E06000060,Buckinghamshire,2024,Half-Hourly,3487,713541609.0026176
E06000061,North Northamptonshire,2024,Half-Hourly,2127,849059685.7796509
E06000062,West Northamptonshire,2024,Half-Hourly,2550,800336478.3828532
E06000063,Cumberland,2024,Half-Hourly,1618,509565280.7813498
E06000064,Westmorland and Furness,2024,Half-Hourly,1478,683230809.3949074
E06000065,North Yorkshire,2024,Half-Hourly,5214,1501814618.025344
E06000066,Somerset,2024,Half-Hourly,3907,958539839.5144478
E07000008,Cambridge,2024,Half-Hourly,1138,497277189.2157757
E07000009,East Cambridgeshire,2024,Half-Hourly,628,172099497.9430551
E07000010,Fenland,2024,Half-Hourly,659,244420431.0328359
E07000011,Huntingdonshire,2024,Half-Hourly,1306,375218440.7132786
E07000012,South Cambridgeshire,2024,Half-Hourly,1362,390234835.6602692
E07000032,Amber Valley,2024,Half-Hourly,681,235586989.2633717
E07000033,Bolsover,2024,Half-Hourly,369,188384085.590235
E07000034,Chesterfield,2024,Half-Hourly,594,154323954.889295
E07000035,Derbyshire Dales,2024,Half-Hourly,435,159601586.3995464
E07000036,Erewash,2024,Half-Hourly,530,142275638.7726941
E07000037,High Peak,2024,Half-Hourly,504,514270369.3563772
E07000038,North East Derbyshire,2024,Half-Hourly,433,194617020.128918
E07000039,South Derbyshire,2024,Half-Hourly,551,276250695.6737487
E07000040,East Devon,2024,Half-Hourly,1062,144890661.1797156
E07000041,Exeter,2024,Half-Hourly,1062,282012489.3357104
E07000042,Mid Devon,2024,Half-Hourly,593,132013387.8618962
E07000043,North Devon,2024,Half-Hourly,757,150090811.1260273
E07000044,South Hams,2024,Half-Hourly,778,157440224.7915507
E07000045,Teignbridge,2024,Half-Hourly,925,137369528.3274371
E07000046,Torridge,2024,Half-Hourly,479,67310477.1376831
E07000047,West Devon,2024,Half-Hourly,382,68852400.23913114
E07000061,Eastbourne,2024,Half-Hourly,542,120651396.7246011
E07000062,Hastings,2024,Half-Hourly,428,84276228.01600558
E07000063,Lewes,2024,Half-Hourly,549,90296167.27281424
E07000064,Rother,2024,Half-Hourly,506,94944003.67193988
E07000065,Wealden,2024,Half-Hourly,857,113900440.9983497
E07000066,Basildon,2024,Half-Hourly,925,270181827.203366
E07000067,Braintree,2024,Half-Hourly,921,168773745.4772186
E07000068,Brentwood,2024,Half-Hourly,456,82469744.19565026
E07000069,Castle Point,2024,Half-Hourly,319,49299738.31010381
E07000070,Chelmsford,2024,Half-Hourly,1135,268383738.803798
E07000071,Colchester,2024,Half-Hourly,1090,266182936.4688852
E07000072,Epping Forest,2024,Half-Hourly,663,118751800.4672132
E07000073,Harlow,2024,Half-Hourly,525,212089547.7237648
E07000074,Maldon,2024,Half-Hourly,362,91651970.10305455
E07000075,Rochford,2024,Half-Hourly,445,70912260.84614211
E07000076,Tendring,2024,Half-Hourly,704,142603817.349552
E07000077,Uttlesford,2024,Half-Hourly,554,152820231.9673934
E07000078,Cheltenham,2024,Half-Hourly,859,230278608.2603114
E07000079,Cotswold,2024,Half-Hourly,750,127826506.6721366
E07000080,Forest of Dean,2024,Half-Hourly,488,175317107.7612133
E07000081,Gloucester,2024,Half-Hourly,919,241221789.8464153
E07000082,Stroud,2024,Half-Hourly,824,200296037.7972952
E07000083,Tewkesbury,2024,Half-Hourly,739,201094666.1631584
E07000084,Basingstoke and Deane,2024,Half-Hourly,1267,335099515.3226994
E07000085,East Hampshire,2024,Half-Hourly,767,115173649.4911477
E07000086,Eastleigh,2024,Half-Hourly,731,218239268.9043279
E07000087,Fareham,2024,Half-Hourly,681,185344279.8131476
E07000088,Gosport,2024,Half-Hourly,354,90147914.10275412
E07000089,Hart,2024,Half-Hourly,627,249123610.0611913
E07000090,Havant,2024,Half-Hourly,526,119331172.4823497
E07000091,New Forest,2024,Half-Hourly,1023,275968608.37953
E07000092,Rushmoor,2024,Half-Hourly,558,190554295.8156229
E07000093,Test Valley,2024,Half-Hourly,988,222278533.1686777
E07000094,Winchester,2024,Half-Hourly,1064,258798073.1588795
E07000095,Broxbourne,2024,Half-Hourly,480,168402030.2159617
E07000096,Dacorum,2024,Half-Hourly,913,425208600.2425961
E07000098,Hertsmere,2024,Half-Hourly,659,199834721.7585355
E07000099,North Hertfordshire,2024,Half-Hourly,868,149337521.1383334
E07000102,Three Rivers,2024,Half-Hourly,405,140423386.242142
E07000103,Watford,2024,Half-Hourly,657,203341513.6777923
E07000105,Ashford,2024,Half-Hourly,928,182443696.2871587
E07000106,Canterbury,2024,Half-Hourly,908,202265048.1714426
E07000107,Dartford,2024,Half-Hourly,789,195541615.102742
E07000108,Dover,2024,Half-Hourly,606,159234205.4455737
E07000109,Gravesham,2024,Half-Hourly,439,192143938.3921969
E07000110,Maidstone,2024,Half-Hourly,1032,247776259.7599181
E07000111,Sevenoaks,2024,Half-Hourly,727,115086619.6667705
E07000112,Folkestone and Hythe,2024,Half-Hourly,553,151361830.0989561
E07000113,Swale,2024,Half-Hourly,838,326619667.7765682
E07000114,Thanet,2024,Half-Hourly,713,156004022.2808636
E07000115,Tonbridge and Malling,2024,Half-Hourly,893,211638658.0652514
E07000116,Tunbridge Wells,2024,Half-Hourly,802,184474330.2517761
E07000117,Burnley,2024,Half-Hourly,447,153628621.7674699
E07000118,Chorley,2024,Half-Hourly,579,124848545.34106
E07000119,Fylde,2024,Half-Hourly,469,173813426.0386829
E07000120,Hyndburn,2024,Half-Hourly,414,132746307.0511312
E07000121,Lancaster,2024,Half-Hourly,793,210494728.0712352
E07000122,Pendle,2024,Half-Hourly,418,137032406.0192896
E07000123,Preston,2024,Half-Hourly,910,272336016.9428523
E07000124,Ribble Valley,2024,Half-Hourly,349,266716137.3321749
E07000125,Rossendale,2024,Half-Hourly,331,154834494.1305902
E07000126,South Ribble,2024,Half-Hourly,639,229452012.6167759
E07000127,West Lancashire,2024,Half-Hourly,667,264611615.2411311
E07000128,Wyre,2024,Half-Hourly,563,227495998.7921477
E07000129,Blaby,2024,Half-Hourly,653,207389031.588268
E07000130,Charnwood,2024,Half-Hourly,952,315385952.7699289
E07000131,Harborough,2024,Half-Hourly,673,125360923.5854426
E07000132,Hinckley and Bosworth,2024,Half-Hourly,638,181341598.6023933
E07000133,Melton,2024,Half-Hourly,321,109237202.0656667
E07000134,North West Leicestershire,2024,Half-Hourly,809,342481857.1174159
E07000135,Oadby and Wigston,2024,Half-Hourly,255,64042550.86799447
E07000136,Boston,2024,Half-Hourly,429,146005029.4656174
E07000137,East Lindsey,2024,Half-Hourly,972,312136846.903563
E07000138,Lincoln,2024,Half-Hourly,599,163302943.7022023
E07000139,North Kesteven,2024,Half-Hourly,661,198651056.735295
E07000140,South Holland,2024,Half-Hourly,536,241154456.3587374
E07000141,South Kesteven,2024,Half-Hourly,857,229116160.8258087
E07000142,West Lindsey,2024,Half-Hourly,643,148673129.2494971
E07000143,Breckland,2024,Half-Hourly,1023,213161305.3552787
E07000144,Broadland,2024,Half-Hourly,812,147887461.7161911
E07000145,Great Yarmouth,2024,Half-Hourly,648,116917368.2294044
E07000146,King's Lynn and West Norfolk,2024,Half-Hourly,1134,332169796.0035411
E07000147,North Norfolk,2024,Half-Hourly,810,180032541.8245683
E07000148,Norwich,2024,Half-Hourly,932,208614302.5295192
E07000149,South Norfolk,2024,Half-Hourly,929,210638530.2395793
E07000170,Ashfield,2024,Half-Hourly,683,252651705.7363605
E07000171,Bassetlaw,2024,Half-Hourly,777,293497258.553519
E07000172,Broxtowe,2024,Half-Hourly,509,107988827.871306
E07000173,Gedling,2024,Half-Hourly,514,101419304.9348143
E07000174,Mansfield,2024,Half-Hourly,506,160833368.8404809
E07000175,Newark and Sherwood,2024,Half-Hourly,757,241647295.9538636
E07000176,Rushcliffe,2024,Half-Hourly,654,184627267.5635082
E07000177,Cherwell,2024,Half-Hourly,1275,371820753.2206336
E07000178,Oxford,2024,Half-Hourly,1038,468903600.1030443
E07000179,South Oxfordshire,2024,Half-Hourly,961,355944176.3468636
E07000180,Vale of White Horse,2024,Half-Hourly,1053,414569255.331131
E07000181,West Oxfordshire,2024,Half-Hourly,753,210998996.4140546
E07000192,Cannock Chase,2024,Half-Hourly,668,107794263.8780492
E07000193,East Staffordshire,2024,Half-Hourly,785,362671583.7952459
E07000194,Lichfield,2024,Half-Hourly,847,197579145.3402187
E07000195,Newcastle-under-Lyme,2024,Half-Hourly,667,202659724.6324645
E07000196,South Staffordshire,2024,Half-Hourly,703,245762299.6952184
E07000197,Stafford,2024,Half-Hourly,1095,222253391.079071
E07000198,Staffordshire Moorlands,2024,Half-Hourly,484,210624925.9748362
E07000199,Tamworth,2024,Half-Hourly,429,117197617.2593497
E07000200,Babergh,2024,Half-Hourly,592,119354942.2744753
E07000202,Ipswich,2024,Half-Hourly,754,157820775.7732569
E07000203,Mid Suffolk,2024,Half-Hourly,727,206326576.5619727
E07000207,Elmbridge,2024,Half-Hourly,947,168958576.0127324
E07000208,Epsom and Ewell,2024,Half-Hourly,421,57324352.30422956
E07000209,Guildford,2024,Half-Hourly,1063,238695792.7245082
E07000210,Mole Valley,2024,Half-Hourly,604,164754944.0546229
E07000211,Reigate and Banstead,2024,Half-Hourly,824,239587483.9206012
E07000212,Runnymede,2024,Half-Hourly,615,184279631.3500546
E07000213,Spelthorne,2024,Half-Hourly,572,157694737.0518308
E07000214,Surrey Heath,2024,Half-Hourly,627,148698075.9431038
E07000215,Tandridge,2024,Half-Hourly,511,81276508.99410385
E07000216,Waverley,2024,Half-Hourly,745,102217915.2814098
E07000217,Woking,2024,Half-Hourly,709,293670758.3577211
E07000218,North Warwickshire,2024,Half-Hourly,544,379939569.9797924
E07000219,Nuneaton and Bedworth,2024,Half-Hourly,636,153566805.3548086
E07000220,Rugby,2024,Half-Hourly,791,388437241.5307543
E07000221,Stratford-on-Avon,2024,Half-Hourly,1233,261633248.1460055
E07000222,Warwick,2024,Half-Hourly,1046,269374231.135044
E07000223,Adur,2024,Half-Hourly,345,95742105.78651363
E07000224,Arun,2024,Half-Hourly,803,132399433.3363606
E07000225,Chichester,2024,Half-Hourly,800,216273865.4672787
E07000226,Crawley,2024,Half-Hourly,770,388559154.1586447
E07000227,Horsham,2024,Half-Hourly,984,161766184.3648306
E07000228,Mid Sussex,2024,Half-Hourly,1051,186185891.4984317
E07000229,Worthing,2024,Half-Hourly,599,90658460.99781969
E07000234,Bromsgrove,2024,Half-Hourly,660,108619854.9483933
E07000235,Malvern Hills,2024,Half-Hourly,562,97029746.54843168
E07000236,Redditch,2024,Half-Hourly,656,127719889.7814208
E07000237,Worcester,2024,Half-Hourly,741,160244130.8158634
E07000238,Wychavon,2024,Half-Hourly,1129,275608191.6639016
E07000239,Wyre Forest,2024,Half-Hourly,632,148363625.3397596
E07000240,St Albans,2024,Half-Hourly,918,141840393.9198688
E07000241,Welwyn Hatfield,2024,Half-Hourly,680,403400121.2170162
E07000242,East Hertfordshire,2024,Half-Hourly,881,172134671.8304811
E07000243,Stevenage,2024,Half-Hourly,472,194499599.5311256
E07000244,East Suffolk,2024,Half-Hourly,1557,485820016.0551364
E07000245,West Suffolk,2024,Half-Hourly,1429,431152692.7763056
E08000001,Bolton,2024,Half-Hourly,1370,383149893.9720115
E08000002,Bury,2024,Half-Hourly,819,236428074.4060108
E08000003,Manchester,2024,Half-Hourly,3421,1373071651.595334
E08000004,Oldham,2024,Half-Hourly,1003,288721692.777672
E08000005,Rochdale,2024,Half-Hourly,944,326770068.957836
E08000006,Salford,2024,Half-Hourly,1500,448697213.5075248
E08000007,Stockport,2024,Half-Hourly,1522,339909834.7428416
E08000008,Tameside,2024,Half-Hourly,942,273304378.7595848
E08000009,Trafford,2024,Half-Hourly,1834,786654882.5169561
E08000010,Wigan,2024,Half-Hourly,1430,473283203.9512677
E08000011,Knowsley,2024,Half-Hourly,622,323263338.7329348
E08000012,Liverpool,2024,Half-Hourly,2716,826785267.093191
E08000013,St. Helens,2024,Half-Hourly,848,330410462.9757758
E08000014,Sefton,2024,Half-Hourly,1206,272858362.6291806
E08000015,Wirral,2024,Half-Hourly,1280,307446542.7194483
E08000017,Doncaster,2024,Half-Hourly,1588,620842666.0767491
E08000018,Rotherham,2024,Half-Hourly,1398,472935273.4426076
E08000021,Newcastle upon Tyne,2024,Half-Hourly,2599,527850710.4784921
E08000022,North Tyneside,2024,Half-Hourly,1485,391850861.3851102
E08000023,South Tyneside,2024,Half-Hourly,1005,137535862.2374591
E08000024,Sunderland,2024,Half-Hourly,2079,582042541.0302843
E08000025,Birmingham,2024,Half-Hourly,6675,1862857689.679945
E08000026,Coventry,2024,Half-Hourly,1590,568610549.9349614
E08000027,Dudley,2024,Half-Hourly,1870,357276541.4991253
E08000028,Sandwell,2024,Half-Hourly,2086,572281645.1655467
E08000029,Solihull,2024,Half-Hourly,1571,512974785.1919238
E08000030,Walsall,2024,Half-Hourly,1556,367090096.1461859
E08000031,Wolverhampton,2024,Half-Hourly,1558,422713763.1784313
E08000032,Bradford,2024,Half-Hourly,2342,653832813.2755247
E08000033,Calderdale,2024,Half-Hourly,1000,312898789.7839235
E08000034,Kirklees,2024,Half-Hourly,1949,530020833.5713602
E08000035,Leeds,2024,Half-Hourly,4773,1425055400.351294
E08000036,Wakefield,2024,Half-Hourly,1805,904064768.4766171
E08000037,Gateshead,2024,Half-Hourly,1699,412501146.8394973
E08000038,Barnsley,2024,Half-Hourly,1045,458903666.2480235
E08000039,Sheffield,2024,Half-Hourly,2933,970504595.1530766
E09000001,City of London,2024,Half-Hourly,2083,1456584012.04164
E09000002,Barking and Dagenham,2024,Half-Hourly,832,255331924.4485299
E09000003,Barnet,2024,Half-Hourly,1652,325496865.0838411
E09000004,Bexley,2024,Half-Hourly,929,323434372.2570931
E09000005,Brent,2024,Half-Hourly,1390,607487367.3632859
E09000006,Bromley,2024,Half-Hourly,1342,260468206.1158744
E09000007,Camden,2024,Half-Hourly,2326,901167954.0057703
E09000008,Croydon,2024,Half-Hourly,1663,445369014.2504206
E09000009,Ealing,2024,Half-Hourly,1560,766592909.61541
E09000010,Enfield,2024,Half-Hourly,1150,347204995.8074918
E09000011,Greenwich,2024,Half-Hourly,1238,329234023.5138255
E09000012,Hackney,2024,Half-Hourly,1038,341474880.3990719
E09000013,Hammersmith and Fulham,2024,Half-Hourly,1174,502790308.9309675
E09000014,Haringey,2024,Half-Hourly,933,290865205.8590491
E09000015,Harrow,2024,Half-Hourly,915,124448919.2846339
E09000016,Havering,2024,Half-Hourly,1043,269800257.9791203
E09000017,Hillingdon,2024,Half-Hourly,1627,1398345765.521104
E09000018,Hounslow,2024,Half-Hourly,1425,714963014.9554529
E09000019,Islington,2024,Half-Hourly,1450,504514712.0786996
E09000020,Kensington and Chelsea,2024,Half-Hourly,1527,681279688.5821074
E09000021,Kingston upon Thames,2024,Half-Hourly,965,213715426.7365464
E09000022,Lambeth,2024,Half-Hourly,1227,411159708.9823934
E09000023,Lewisham,2024,Half-Hourly,848,149005029.4204373
E09000024,Merton,2024,Half-Hourly,912,347850079.9475247
E09000025,Newham,2024,Half-Hourly,1440,822716693.17381
E09000026,Redbridge,2024,Half-Hourly,975,134279673.2136669
E09000027,Richmond upon Thames,2024,Half-Hourly,994,208963079.4812404
E09000028,Southwark,2024,Half-Hourly,1729,621386716.2564535
E09000029,Sutton,2024,Half-Hourly,848,257056358.5626391
E09000030,Tower Hamlets,2024,Half-Hourly,2978,1733895637.642059
E09000031,Waltham Forest,2024,Half-Hourly,786,189969620.5507375
E09000032,Wandsworth,2024,Half-Hourly,1441,324912357.7651803
E09000033,Westminster,2024,Half-Hourly,5683,2286209397.402815
S12000005,Clackmannanshire,2024,Half-Hourly,250,158719204.8891037
S12000006,Dumfries and Galloway,2024,Half-Hourly,970,310912979.6468199
S12000008,East Ayrshire,2024,Half-Hourly,551,163950840.9039562
S12000010,East Lothian,2024,Half-Hourly,530,218276315.2330601
S12000011,East Renfrewshire,2024,Half-Hourly,453,46082873.33453552
S12000013,Na h-Eileanan Siar,2024,Half-Hourly,170,37314843.81100001
S12000014,Falkirk,2024,Half-Hourly,830,225608617.1756338
S12000017,Highland,2024,Half-Hourly,1852,627862081.1931583
S12000018,Inverclyde,2024,Half-Hourly,408,127383756.9386502
S12000019,Midlothian,2024,Half-Hourly,515,169304489.960216
S12000020,Moray,2024,Half-Hourly,575,238021504.254328
S12000021,North Ayrshire,2024,Half-Hourly,649,304621838.5108358
S12000023,Orkney Islands,2024,Half-Hourly,167,32843511.85028962
S12000026,Scottish Borders,2024,Half-Hourly,655,184522819.9684374
S12000027,Shetland Islands,2024,Half-Hourly,176,60409465.45
S12000028,South Ayrshire,2024,Half-Hourly,661,195581616.0597923
S12000029,South Lanarkshire,2024,Half-Hourly,1954,370971820.2420544
S12000030,Stirling,2024,Half-Hourly,691,200235535.8210929
S12000033,Aberdeen City,2024,Half-Hourly,1827,465310033.3174369
S12000034,Aberdeenshire,2024,Half-Hourly,1952,458732797.0976063
S12000035,Argyll and Bute,2024,Half-Hourly,628,137152931.8875464
S12000036,City of Edinburgh,2024,Half-Hourly,3062,986381356.3898625
S12000038,Renfrewshire,2024,Half-Hourly,1064,346255978.6684974
S12000039,West Dunbartonshire,2024,Half-Hourly,409,153106187.1590656
S12000040,West Lothian,2024,Half-Hourly,1149,347628521.2556229
S12000041,Angus,2024,Half-Hourly,729,192495419.7608581
S12000042,Dundee City,2024,Half-Hourly,881,270850410.9854206
S12000045,East Dunbartonshire,2024,Half-Hourly,495,108021809.3322732
S12000047,Fife,2024,Half-Hourly,2012,658176192.3029461
S12000048,Perth and Kinross,2024,Half-Hourly,1160,255278950.5259235
S12000049,Glasgow City,2024,Half-Hourly,3737,1198844566.725317
S12000050,North Lanarkshire,2024,Half-Hourly,1776,583079512.8186114
W06000001,Isle of Anglesey / Ynys Môn,2024,Half-Hourly,423,92959746.47128963
W06000002,Gwynedd / Gwynedd,2024,Half-Hourly,818,174764083.0892405
W06000003,Conwy / Conwy,2024,Half-Hourly,717,112888455.7777213
W06000004,Denbighshire / Sir Ddinbych,2024,Half-Hourly,574,125218957.7465956
W06000005,Flintshire / Sir y Fflint,2024,Half-Hourly,893,591990392.2097434
W06000006,Wrexham / Wrecsam,2024,Half-Hourly,702,485008663.2678363
W06000008,Ceredigion / Ceredigion,2024,Half-Hourly,447,113842453.8681202
W06000009,Pembrokeshire / Sir Benfro,2024,Half-Hourly,840,445738125.5549566
W06000010,Carmarthenshire / Sir Gaerfyrddin,2024,Half-Hourly,1109,421226670.7280766
W06000011,Swansea / Abertawe,2024,Half-Hourly,1422,386854216.7702076
W06000012,Neath Port Talbot / Castell-nedd Port Talbot,2024,Half-Hourly,697,836793034.3106941
W06000013,Bridgend / Pen-y-bont ar Ogwr,2024,Half-Hourly,805,260396404.5813879
W06000014,Vale of Glamorgan / Bro Morgannwg,2024,Half-Hourly,617,289627409.5762839
W06000015,Cardiff / Caerdydd,2024,Half-Hourly,2184,757677042.3432685
W06000016,Rhondda Cynon Taf / Rhondda Cynon Taf,2024,Half-Hourly,1098,265781015.5080657
W06000018,Caerphilly / Caerffili,2024,Half-Hourly,775,263349980.9519236
W06000019,Blaenau Gwent / Blaenau Gwent,2024,Half-Hourly,330,108605770.599918
W06000020,Torfaen / Torfaen,2024,Half-Hourly,477,213005427.3398032
W06000021,Monmouthshire / Sir Fynwy,2024,Half-Hourly,595,155044711.7505518
W06000022,Newport / Casnewydd,2024,Half-Hourly,882,723050990.603704
W06000023,Powys / Powys,2024,Half-Hourly,985,192626719.543765
W06000024,Merthyr Tydfil / Merthyr Tudful,2024,Half-Hourly,283,86753646.10386881
